codCliente , nome , CPF , email , endereco , dtNascimento
1, Felizio ,836.599.455-01, fteaser0@google.cn , 5616 Ramsey Way ,20/11/92
2, Lolita ,126.341.133-90, lboswood1@hao123.com , 405 Algoma Alley ,28/09/98
3, Susann ,468.265.865-41, sgreenshiels2@nasa.gov , 8486 Mifflin Trail ,11/03/93
4, Shanda ,376.924.834-18, saustick3@bizjournals.com , 8 Mitchell Way ,24/06/82
5, Robbie ,067.419.766-63, rdaffern4@stumbleupon.com , 60462 Lindbergh Junction ,25/05/81
6, Buckie ,846.286.104-79, bbeaston5@mapquest.com , 1 Garrison Center ,31/01/96
7, Nicol ,795.167.000-63, ncleminson6@posterous.com , 85759 Bluejay Circle ,20/08/94
8, Hyman ,949.533.178-15, hlangton7@instagram.com , 3884 Lindbergh Road ,28/04/81
9, Clem ,123.523.050-39, cborghese8@loc.gov , 0 Huxley Way ,04/08/83
10, Larine ,852.708.717-00, lhenken9@qq.com , 052 Crest Line Court ,12/11/94
11, Bevon ,978.787.777-64, bgreenougha@purevolume.com , 6767 Ohio Junction ,01/11/96
12, Andreana ,164.834.847-55, araithbyb@opensource.org , 5114 Golden Leaf Street ,12/03/93
13, Ford ,608.970.363-01, fofairyc@linkedin.com , 78 Mendota Road ,19/09/88
14, Nev ,051.658.917-20, ndunnd@live.com , 3 4th Avenue ,23/05/81
15, Lin ,424.875.877-68, lgodehardsfe@last.fm , 3509 Monument Place ,27/06/91
16, Reamonn ,749.499.049-65, rhatherellf@godaddy.com , 3405 Columbus Point ,02/01/99
17, Forester ,146.198.893-42, fmorrellg@shinystat.com , 154 Waxwing Alley ,18/11/87
18, Gian ,038.983.247-29, gbentoh@narod.ru , 56917 Village Point ,21/05/83
19, Ash ,184.463.466-30, atreendi@amazonaws.com , 3076 Sundown Drive ,14/09/95
20, Augie ,924.811.367-21, alefeaverj@ibm.com , 98 Golf Court ,14/05/81
21, Etti ,418.978.812-07, etuek@reverbnation.com , 90 Sycamore Drive ,27/12/93
22, Hayyim ,860.134.221-33, hraphaell@booking.com , 97 Crescent Oaks Circle ,13/05/88
23, Ranna ,861.425.380-06, rerrickerm@nba.com , 89 Fieldstone Drive ,09/02/95
24, Rory ,123.084.073-79, rpatullon@engadget.com , 3588 Northwestern Alley ,20/04/97
25, Layney ,837.664.126-39, lpriceo@chicagotribune.com , 67117 Portage Pass ,17/03/92
26, Donnie ,673.252.366-03, dbuggp@ustream.tv , 43976 Pepper Wood Street ,01/01/87
27, Sheba ,493.585.719-69, sstorrsq@usa.gov , 86 Golf View Trail ,18/10/86
28, Peterus ,966.180.231-90, pbrillemanr@java.com , 46 Monica Junction ,16/04/84
29, Rodrique ,038.997.951-13, rbellengers@live.com , 1 Fairview Alley ,10/01/91
30, Morganne ,273.678.168-61, mmacpadent@msu.edu , 88737 Daystar Street ,03/09/84
31, Nesta ,572.712.713-09, npennicku@engadget.com , 42311 Aberg Crossing ,10/12/97
32, Siobhan ,601.076.355-00, sarlettv@miitbeian.gov.cn , 2490 Shopko Way ,09/09/89
33, Yorgos ,286.197.108-85, ymigheliw@timesonline.co.uk , 30145 Mockingbird Place ,10/08/87
34, Noell ,771.780.956-79, ncalwellx@businesswire.com , 225 Hansons Pass ,10/06/82
35, Tymothy ,725.750.265-04, tcowsbyy@geocities.jp , 40707 Mesta Drive ,14/10/95
36, Leonid ,859.836.827-09, lfabbz@ca.gov , 580 Marquette Center ,11/08/81
37, Aubrey ,243.572.289-30, alepere10@gmpg.org , 84138 Melvin Plaza ,08/01/83
38, Ransom ,974.350.242-44, rcarek11@domainmarket.com , 97775 Ruskin Lane ,23/07/81
39, Glyn ,962.939.328-03, giddens12@netscape.com , 448 Evergreen Hill ,03/04/81
40, Dalia ,233.109.746-18, detchells13@bloglovin.com , 2739 Mesta Court ,28/05/82
41, Maje ,621.213.097-30, mstockey14@google.pl , 37 Starling Parkway ,05/07/85
42, Vernon ,848.065.058-38, vdresse15@newyorker.com , 5 Prairieview Point ,19/05/87
43, Dynah ,975.935.754-20, ddownton16@meetup.com , 6883 Amoth Way ,15/06/81
44, Reggi ,950.677.870-15, reilhart17@narod.ru , 6 Bay Circle ,29/06/83
45, Manya ,794.876.283-39, mroeby18@hubpages.com , 8291 Fuller Terrace ,30/09/86
46, Natala ,944.280.562-22, nlillecrop19@goo.ne.jp , 0 Oneill Crossing ,16/09/87
47, Gan ,046.424.930-93, gwilmington1a@goodreads.com , 7 Lakeland Center ,08/09/80
48, Shaine ,004.582.418-57, sreuben1b@blinklist.com , 2845 Farmco Circle ,06/02/98
49, Louis ,420.492.569-30, lcathery1c@usnews.com , 49 Ohio Center ,13/05/94
50, Niccolo ,432.949.895-20, nlefort1d@bloglines.com , 740 Bayside Pass ,01/03/98
51, Vasilis ,994.025.407-50, vbrookton1e@cnet.com , 9 Erie Road ,25/03/84
52, Kort ,453.998.397-09, kgorry1f@oracle.com , 35727 Warner Point ,26/12/98
53, Abagail ,698.640.591-06, ajodlkowski1g@clickbank.net , 23761 Forster Way ,21/10/86
54, Jennette ,927.180.979-30, javraham1h@mayoclinic.com , 15537 Arkansas Plaza ,07/05/91
55, Rosina ,350.835.260-93, rbusfield1i@topsy.com , 86 Mitchell Trail ,01/01/84
56, Rosamond ,094.478.536-09, rcokely1j@posterous.com , 26 Spohn Hill ,23/12/80
57, Sullivan ,516.253.431-59, sgillespey1k@tamu.edu , 7179 Union Trail ,05/10/85
58, Woodman ,371.636.219-06, wmckerley1l@mlb.com , 208 Shasta Park ,05/08/92
59, Corliss ,103.309.931-78, ccoweuppe1m@yandex.ru , 0 East Center ,31/01/85
60, Byram ,751.229.822-60, bhammell1n@yolasite.com , 7 Nevada Lane ,12/06/87
61, Zebedee ,608.849.610-01, zbamforth1o@indiegogo.com , 22 Dryden Place ,08/04/99
62, Jacquetta ,149.747.409-46, jverchambre1p@google.pl , 66996 Trailsway Avenue ,26/07/94
63, Arluene ,388.017.296-00, ajewster1q@wisc.edu , 61 Lotheville Street ,21/11/89
64, Mignon ,980.429.928-31, mlillicrop1r@bloglines.com , 54115 Waubesa Crossing ,08/11/98
65, Ambrosius ,923.231.820-21, aswindon1s@cpanel.net , 958 Sunbrook Road ,10/09/97
66, Peadar ,220.841.937-53, pwagg1t@ft.com , 5 Hintze Street ,26/12/97
67, Gunther ,659.655.751-06, ghindrich1u@ed.gov , 0632 Summerview Street ,06/07/87
68, Lia ,813.866.782-60, lcleve1v@cdc.gov , 27 Pennsylvania Alley ,07/10/88
69, Ivy ,010.942.040-30, iperritt1w@ibm.com , 794 Morning Circle ,02/10/91
70, Blaire ,429.048.729-73, bduffil1x@comcast.net , 1799 Burning Wood Court ,01/08/86
71, Clemmie ,148.836.573-37, cmegany1y@cam.ac.uk , 80057 Mallard Street ,22/01/90
72, Arin ,982.727.668-92, atatteshall1z@merriam-webster.com , 57 Sutteridge Avenue ,10/03/98
73, Pierrette ,334.603.664-27, pmartignoni20@dailymail.co.uk , 5 Southridge Parkway ,21/03/88
74, Mahmud ,406.278.250-28, mgisburn21@bluehost.com , 404 Spaight Terrace ,16/06/83
75, Shaun ,215.118.369-62, sgeharke22@clickbank.net , 31896 Grayhawk Avenue ,20/09/95
76, Corney ,632.911.337-81, cmorales23@1688.com , 5139 Burrows Plaza ,21/10/93
77, Wye ,717.848.166-80, wziemecki24@theglobeandmail.com , 7963 Autumn Leaf Park ,19/04/82
78, Beatriz ,488.949.964-41, baslum25@nifty.com , 65145 Roxbury Terrace ,30/12/83
79, Randy ,183.872.445-11, rsaladino26@discovery.com , 6790 Nancy Place ,19/06/97
80, Dorice ,011.225.197-88, ddighton27@edublogs.org , 61 Miller Road ,28/08/80
81, Maximo ,665.495.070-49, mjuan28@addtoany.com , 27783 Crest Line Parkway ,21/12/82
82, Curtice ,955.473.605-38, cseiter29@yellowpages.com , 69 Armistice Lane ,11/05/99
83, Cybil ,689.238.970-86, ctibbotts2a@yale.edu , 435 Almo Road ,13/12/80
84, Hugh ,289.106.466-67, hrattray2b@posterous.com , 7 Hooker Center ,17/06/92
85, Rodd ,515.358.965-07, rmenchenton2c@ocn.ne.jp , 745 Hoard Avenue ,12/08/92
86, Erek ,025.521.971-75, epinxton2d@trellian.com , 781 Montana Pass ,29/07/81
87, Pia ,558.503.624-60, pcreber2e@studiopress.com , 42060 Independence Drive ,23/11/95
88, Klara ,289.326.715-75, kdeverson2f@google.ru , 18 Monica Road ,20/08/90
89, Rafe ,320.872.360-11, randrelli2g@google.nl , 58640 Goodland Hill ,23/02/85
90, Kane ,446.696.243-00, kfelgat2h@ocn.ne.jp , 323 Twin Pines Alley ,26/06/91
91, Gallard ,884.175.185-17, gkidder2i@ifeng.com , 2 Charing Cross Crossing ,16/12/94
92, Zitella ,629.297.965-29, zmoulding2j@ezinearticles.com , 46361 Nelson Hill ,02/09/96
93, Kevina ,317.845.561-22, kbatchelder2k@youku.com , 5 Karstens Hill ,18/03/99
94, Justin ,132.479.856-46, jkelberer2l@mtv.com , 8 Tony Terrace ,08/06/90
95, Myrvyn ,771.017.787-55, mmuckley2m@jigsy.com , 7 Spenser Parkway ,18/06/86
96, Leo ,526.606.575-30, ljerrans2n@earthlink.net , 99 Towne Drive ,24/02/87
97, Tiena ,006.001.705-86, tcaulier2o@eventbrite.com , 2385 Mockingbird Avenue ,07/02/84
98, Nikolai ,961.248.110-57, ndrewet2p@bizjournals.com , 0 Gina Hill ,20/10/96
99, Goddard ,616.203.560-31, gmcdiarmid2q@com.com , 8516 Caliangt Court ,24/12/83
100, Carleen ,171.426.563-36, cfulks2r@va.gov , 5 Lerdahl Junction ,13/01/96
101, Pincus ,615.166.974-64, pollcott2s@amazon.co.uk , 96 Ridgeway Way ,18/06/81
102, Inessa ,758.714.298-31, ichatres2t@histats.com , 15 Express Trail ,15/09/80
103, Odille ,318.658.988-64, owitz2u@bravesites.com , 7 Hudson Street ,16/07/82
104, Kimbra ,776.709.449-94, kfritz2v@home.pl , 39753 Superior Way ,28/02/93
105, George ,190.856.051-72, gsenecaut2w@ameblo.jp , 6933 Merchant Center ,24/03/87
106, Luce ,147.724.989-31, lcrosham2x@360.cn , 1 Coleman Circle ,22/03/86
107, Germana ,338.680.559-08, gwelland2y@plala.or.jp , 993 Miller Avenue ,08/02/85
108, Chloris ,070.060.720-00, cgreder2z@issuu.com , 9502 Cascade Hill ,27/04/92
109, Rey ,655.832.946-80, rchilvers30@wikispaces.com , 03845 Lerdahl Trail ,26/11/84
110, Glynnis ,388.389.738-81, gnutter31@taobao.com , 84903 Talmadge Avenue ,27/05/87
111, Norri ,588.174.558-22, nwallege32@jiathis.com , 951 Grayhawk Court ,03/04/95
112, Sigrid ,008.535.488-03, soley33@networksolutions.com , 26 Saint Paul Circle ,29/06/92
113, Riley ,629.250.909-58, rcock34@behance.net , 203 Caliangt Court ,27/06/86
114, Holly ,970.699.301-00, hdaenen35@google.co.jp , 2658 Tony Trail ,10/03/85
115, Auberon ,108.160.601-00, azottoli36@netvibes.com , 3760 Clove Lane ,01/03/81
116, Vannie ,655.935.881-04, vdurand37@msn.com , 6 Chive Junction ,28/12/80
117, Basilio ,960.131.945-05, bsansome38@oracle.com , 6 6th Court ,29/10/99
118, Torre ,463.490.986-33, tlabbe39@cbc.ca , 514 Lillian Alley ,10/10/80
119, Bartholomeus ,860.825.853-64, bscaysbrook3a@pbs.org , 8330 Cascade Alley ,08/11/86
120, Linnie ,883.115.229-79, lcraythorne3b@cbslocal.com , 2 Shasta Pass ,12/03/97
121, Currey ,644.548.714-93, cburchnall3c@arizona.edu , 7 Leroy Crossing ,22/09/99
122, Rosco ,976.372.646-88, rairey3d@kickstarter.com , 2111 Messerschmidt Park ,04/10/99
123, Rosetta ,172.571.898-70, rnassy3e@e-recht24.de , 0 Goodland Way ,07/11/81
124, Saw ,909.316.527-58, sflack3f@exblog.jp , 9215 Holmberg Place ,22/03/81
125, Madel ,965.062.519-48, mromney3g@ocn.ne.jp , 4952 Eggendart Parkway ,28/10/84
126, Viole ,053.428.654-25, vpocknoll3h@addtoany.com , 0256 Acker Trail ,28/08/92
127, Gilbert ,801.215.164-23, gcancellieri3i@meetup.com , 10677 Garrison Terrace ,05/07/88
128, Neely ,260.370.896-12, nrubel3j@google.ru , 580 Glacier Hill Point ,15/02/85
129, Orsola ,875.473.285-98, oelse3k@moonfruit.com , 21603 Park Meadow Trail ,16/03/86
130, Christian ,751.444.903-52, cborlease3l@washington.edu , 961 Grayhawk Road ,16/12/90
131, Jessalin ,275.446.962-19, jangelo3m@facebook.com , 42717 Westend Road ,04/04/93
132, Quintana ,415.087.026-83, qkitchen3n@whitehouse.gov , 177 Ludington Drive ,07/05/81
133, Gerhardt ,767.209.273-10, ggehring3o@photobucket.com , 9 Northridge Trail ,22/07/86
134, Corabelle ,631.766.149-93, cfishpool3p@house.gov , 74 Emmet Alley ,03/04/90
135, Bernette ,476.564.485-51, bnorthall3q@marriott.com , 5 Columbus Junction ,06/02/98
136, Roby ,607.306.572-80, rbayly3r@youtube.com , 78722 Maple Crossing ,13/01/83
137, Lissy ,129.878.172-82, lcaris3s@nydailynews.com , 2 Debra Hill ,15/10/84
138, Shaun ,114.341.288-57, smoscon3t@google.ca , 5005 Kensington Center ,24/11/88
139, Alphard ,356.511.732-00, aleverette3u@topsy.com , 11051 Gerald Parkway ,28/05/90
140, Francisca ,798.301.840-13, ftouzey3v@washingtonpost.com , 8945 Waubesa Circle ,25/07/81
141, Keenan ,659.880.985-17, klawland3w@1und1.de , 2 Holmberg Parkway ,14/06/81
142, Elspeth ,650.422.877-95, efrushard3x@google.com.hk , 1 Carpenter Lane ,31/07/88
143, Marlee ,370.449.200-04, mosipenko3y@gnu.org , 937 Graedel Parkway ,15/08/81
144, Kristoforo ,149.045.462-45, kwiltshire3z@newsvine.com , 98865 Myrtle Park ,09/11/92
145, Penny ,985.259.259-93, pdaft40@sohu.com , 4 Fremont Plaza ,13/12/86
146, Debbie ,050.302.743-08, dlinacre41@businessweek.com , 207 Fairfield Junction ,17/08/95
147, Kameko ,505.744.161-29, kdibbin42@github.io , 76 Dunning Drive ,13/08/94
148, Kori ,862.044.874-93, kkezor43@unblog.fr , 56000 Hintze Place ,15/05/87
149, Gilberto ,723.413.551-02, gpulfer44@mit.edu , 38 Jay Drive ,09/04/87
150, Waneta ,036.657.256-31, wkelcey45@merriam-webster.com , 2 Hazelcrest Lane ,29/12/86
151, Emelia ,593.347.134-88, edaw46@forbes.com , 6729 Washington Road ,19/06/89
152, Nerta ,677.791.161-82, ntippett47@topsy.com , 9 Fisk Junction ,05/07/88
153, Culley ,603.928.615-69, cmackegg48@rakuten.co.jp , 678 Gateway Point ,25/03/81
154, Merla ,648.876.048-31, mglastonbury49@yahoo.com , 19 Hoepker Terrace ,28/12/80
155, Fleurette ,507.162.304-88, fhymer4a@jugem.jp , 842 Milwaukee Terrace ,21/10/88
156, Gard ,258.141.774-97, gplayford4b@github.io , 4 Merchant Avenue ,04/10/89
157, Donni ,941.464.838-08, dmissen4c@epa.gov , 7428 Garrison Way ,12/02/81
158, Sapphira ,951.534.026-81, slemanu4d@a8.net , 62 Dayton Lane ,22/05/95
159, Renato ,969.471.002-24, rbeagrie4e@youtu.be , 69 Doe Crossing Park ,17/03/84
160, Guillemette ,866.032.888-42, gkunneke4f@shutterfly.com , 41579 High Crossing Crossing ,21/01/84
161, Wendie ,129.543.195-50, wbottrill4g@webeden.co.uk , 338 6th Way ,19/04/96
162, Rochella ,552.500.890-46, rgatiss4h@storify.com , 7319 Barnett Park ,24/03/97
163, Donal ,711.067.483-52, dantonat4i@hexun.com , 4249 Maryland Street ,13/01/85
164, Rip ,698.267.690-02, rlanglais4j@japanpost.jp , 75801 Dryden Avenue ,13/11/86
165, Brand ,718.310.397-88, bmilnes4k@mtv.com , 7195 Anthes Court ,06/06/86
166, Mala ,129.374.881-10, mbertlin4l@freewebs.com , 98276 Messerschmidt Point ,20/03/82
167, Sunny ,768.373.040-89, sfeathers4m@cargocollective.com , 538 Cordelia Lane ,03/11/88
168, Zachery ,759.014.197-66, zmcaneny4n@ezinearticles.com , 996 Hintze Place ,03/08/91
169, Shannon ,508.072.440-40, sleprovest4o@rediff.com , 620 Barby Point ,25/01/91
170, Curtice ,274.626.639-37, cstenbridge4p@arizona.edu , 604 Alpine Avenue ,09/02/84
171, Paola ,894.918.801-52, pkleinhaus4q@phoca.cz , 53514 Porter Street ,25/07/80
172, Celie ,953.001.999-82, ccausby4r@mayoclinic.com , 779 Garrison Circle ,28/08/85
173, Franni ,877.370.133-50, fgregorace4s@wired.com , 99 Lawn Hill ,21/07/96
174, Valdemar ,048.453.844-69, vworboys4t@gizmodo.com , 7178 Karstens Place ,30/06/87
175, Maure ,659.222.453-33, mshellcross4u@bbb.org , 60767 Rowland Terrace ,27/11/81
176, Joshuah ,135.798.484-70, jmoxham4v@cyberchimps.com , 37924 Drewry Hill ,12/06/87
177, Kassey ,206.569.056-97, kpullman4w@mac.com , 83 Brentwood Junction ,02/06/98
178, Em ,395.281.912-31, ejansie4x@craigslist.org , 64243 Meadow Ridge Park ,07/12/99
179, Petr ,961.765.761-99, ploache4y@chronoengine.com , 5881 Cottonwood Alley ,15/09/93
180, Dalila ,979.235.274-07, dkilgallen4z@squidoo.com , 3 Rigney Center ,25/10/95
181, Derward ,248.312.269-80, ddack50@netlog.com , 7586 Hansons Road ,03/02/86
182, Chaim ,956.308.550-77, cbeilby51@dell.com , 6467 Walton Way ,09/10/85
183, Sharai ,398.934.584-20, sharrap52@tumblr.com , 09 Northwestern Drive ,19/07/84
184, Jeffie ,491.858.378-49, jhuske53@sohu.com , 97604 Dovetail Park ,12/12/88
185, Agata ,118.886.432-77, acranson54@statcounter.com , 50486 Veith Parkway ,05/07/81
186, Emelda ,249.374.835-28, epavia55@moonfruit.com , 98 Brentwood Drive ,11/10/89
187, Olympie ,794.415.237-20, oseago56@wired.com , 70 Darwin Way ,08/08/90
188, Lilith ,081.645.849-91, lsilvester57@hexun.com , 9 Orin Alley ,09/11/81
189, Enid ,187.044.861-88, egheraldi58@adobe.com , 1908 Banding Court ,07/11/90
190, Georg ,643.205.407-94, gbeldam59@slashdot.org , 0 Granby Junction ,11/10/87
191, Rosy ,213.981.946-20, rdavenall5a@who.int , 3122 Walton Parkway ,12/11/90
192, Maxi ,041.644.791-08, mdagnan5b@theglobeandmail.com , 94151 Sheridan Drive ,24/06/92
193, Dion ,302.466.503-03, dalti5c@issuu.com , 87 Shelley Court ,11/08/92
194, Lorenza ,917.637.627-34, lraiker5d@deliciousdays.com , 28 Northwestern Place ,12/02/98
195, Nehemiah ,008.454.635-27, nrozalski5e@ibm.com , 42 Dahle Place ,15/03/84
196, Anabal ,625.352.461-55, ayokelman5f@quantcast.com , 1590 Loeprich Lane ,11/07/94
197, Adan ,485.109.804-97, abutterly5g@github.com , 2399 Warbler Avenue ,16/02/96
198, Gennifer ,099.461.792-53, gropkins5h@slate.com , 18591 Fallview Plaza ,29/05/89
199, Aprilette ,573.148.159-84, agiacobelli5i@europa.eu , 0 Shopko Alley ,22/08/84
200, Jayme ,449.668.113-76, jstobart5j@senate.gov , 50 Stuart Court ,25/01/85
201, Glendon ,770.808.198-06, gcanadine5k@google.ca , 13221 Sauthoff Avenue ,06/09/97
202, George ,335.526.989-14, gpierrepont5l@sohu.com , 8 Clemons Center ,02/04/89
203, Noel ,679.671.460-18, npettengell5m@phpbb.com , 47 Straubel Way ,28/05/87
204, Marla ,502.536.450-77, mtrounson5n@google.com.hk , 6777 Bashford Junction ,12/05/84
205, Shandra ,587.464.214-59, slarby5o@google.com.hk , 5089 Porter Hill ,20/05/91
206, Nickola ,194.467.369-51, nfludgate5p@discovery.com , 86 Ryan Junction ,16/01/00
207, Ivonne ,739.843.691-23, iramsey5q@si.edu , 43 Scoville Junction ,08/12/92
208, Boothe ,699.883.795-01, bferrarini5r@shinystat.com , 482 Hermina Hill ,26/01/90
209, Caddric ,920.318.715-44, cexrol5s@so-net.ne.jp , 84763 Cascade Street ,01/10/86
210, Berny ,447.681.349-63, bennion5t@springer.com , 21 Nova Crossing ,08/07/95
211, Sebastiano ,419.327.567-10, swhaley5u@bluehost.com , 4 Nobel Crossing ,09/07/95
212, Lexine ,019.928.698-12, llibbey5v@themeforest.net , 58274 Elgar Center ,12/08/81
213, Harwilll ,757.416.007-43, hmarkwelley5w@tinypic.com , 2966 Dorton Court ,12/08/88
214, Vinni ,087.834.914-65, vfozzard5x@deviantart.com , 8 Birchwood Pass ,03/12/89
215, Tybie ,395.595.831-07, tgorke5y@go.com , 7 Karstens Lane ,01/03/90
216, Betta ,951.329.186-38, bsoles5z@ezinearticles.com , 799 Milwaukee Lane ,26/09/87
217, Iorgo ,873.571.719-06, igeffe60@howstuffworks.com , 9266 Bowman Drive ,11/02/84
218, Patricia ,454.500.911-50, pbellwood61@vimeo.com , 1798 Annamark Park ,10/10/83
219, Emmett ,270.092.838-50, eswapp62@ucoz.com , 2 Tomscot Court ,05/11/83
220, Amity ,598.550.731-93, amacbean63@timesonline.co.uk , 387 Aberg Lane ,26/09/86
221, Lyell ,248.993.114-86, lancliff64@washington.edu , 64 Maple Wood Avenue ,04/11/80
222, Roseline ,585.211.326-38, rvasilov65@instagram.com , 9 Ohio Junction ,19/06/86
223, Rhonda ,724.227.782-59, rmcelrath66@yahoo.co.jp , 14915 Mendota Avenue ,28/09/95
224, Rosene ,822.617.136-90, rmatterface67@omniture.com , 959 Homewood Trail ,10/10/91
225, Vivyanne ,639.921.718-09, vmonget68@uol.com.br , 17492 Bunting Pass ,29/06/99
226, Anna-diane ,443.978.673-13, arodliff69@mozilla.org , 90641 Sage Park ,22/04/88
227, Smith ,308.648.551-50, skelwick6a@reddit.com , 92475 Dovetail Street ,22/11/98
228, Lilli ,291.361.616-08, lforcade6b@epa.gov , 43881 Evergreen Hill ,16/12/93
229, Caresse ,043.975.863-73, crowlinson6c@surveymonkey.com , 0 Bluestem Lane ,26/01/94
230, Adoree ,525.219.864-02, abambridge6d@youku.com , 77329 Clove Drive ,17/07/89
231, Carolus ,897.245.129-08, csieghard6e@ycombinator.com , 80 Victoria Alley ,20/03/96
232, Raquela ,633.613.028-20, raitken6f@guardian.co.uk , 51381 Di Loreto Pass ,29/04/93
233, Inga ,329.673.732-49, idomerque6g@acquirethisname.com , 6 Rieder Place ,09/08/92
234, Arvy ,980.023.157-90, aslay6h@disqus.com , 69345 Rusk Crossing ,12/12/86
235, Faythe ,755.612.104-67, fgrayne6i@twitpic.com , 280 Rusk Trail ,17/03/82
236, Sadie ,282.212.718-29, sbarkworth6j@amazon.co.uk , 45 Novick Point ,25/11/82
237, Toiboid ,653.053.513-67, tpoolton6k@nhs.uk , 980 Mandrake Parkway ,16/07/85
238, Waring ,312.856.040-40, wkilby6l@geocities.com , 10 Moose Lane ,05/04/80
239, Dulcinea ,319.122.915-92, dmewburn6m@seattletimes.com , 68636 Magdeline Place ,05/03/86
240, Julita ,807.920.491-87, jyoungman6n@wp.com , 14 Maple Wood Plaza ,30/10/81
241, Tades ,837.319.705-20, truppert6o@reference.com , 567 Independence Trail ,27/02/95
242, Piotr ,402.121.747-97, pharsum6p@hhs.gov , 07 Sloan Way ,05/03/97
243, Aldric ,830.982.282-02, awinterbourne6q@wix.com , 81664 Farmco Way ,13/02/96
244, Francisca ,245.428.622-08, fcluff6r@slate.com , 359 Graceland Center ,25/10/91
245, Dawna ,597.648.853-65, dmartinson6s@disqus.com , 7 Thierer Terrace ,24/02/83
246, Latisha ,165.923.074-80, lciccetti6t@yahoo.com , 35 Carey Place ,20/12/94
247, Alix ,268.047.847-90, agreenstreet6u@wisc.edu , 109 Dennis Place ,06/09/82
248, Brittaney ,091.457.162-18, bblanket6v@barnesandnoble.com , 34347 Hollow Ridge Terrace ,08/07/81
249, Marshal ,005.039.388-07, mkupke6w@google.com.au , 6554 Aberg Center ,10/01/82
250, Berri ,811.420.241-64, bklehyn6x@newsvine.com , 78283 Thierer Plaza ,24/07/90
251, Lynn ,069.745.882-24, lgillings6y@zimbio.com , 327 Superior Pass ,28/12/95
252, Carleton ,707.283.455-95, csnell6z@prlog.org , 6 Tennyson Junction ,19/01/97
253, Avery ,273.061.314-51, abarnham70@t-online.de , 4482 Larry Parkway ,02/07/84
254, Bradney ,852.675.373-81, byouson71@ca.gov , 945 Jackson Trail ,16/09/87
255, Jory ,275.664.834-55, jmasseo72@whitehouse.gov , 40589 Esker Road ,08/09/80
256, Rorie ,231.661.736-09, rgorrissen73@usa.gov , 887 2nd Circle ,10/11/94
257, Elspeth ,362.538.047-15, evennart74@amazonaws.com , 6 Pond Street ,08/08/88
258, Goldarina ,104.513.157-15, gcruce75@scientificamerican.com , 440 Cambridge Junction ,11/08/89
259, Bartlett ,444.883.966-40, bhenriquet76@reddit.com , 11 Twin Pines Plaza ,19/03/82
260, Shae ,248.363.359-57, srudsdell77@ed.gov , 24 Susan Crossing ,20/04/94
261, Muffin ,441.995.981-97, maspel78@vimeo.com , 37 Eliot Junction ,29/05/82
262, Erroll ,082.593.103-76, enulty79@yellowpages.com , 67801 Sheridan Way ,12/07/93
263, Tony ,590.250.201-27, tbarwood7a@oakley.com , 0518 Elgar Crossing ,04/07/80
264, Warde ,191.665.643-95, wkinsett7b@europa.eu , 7 Shelley Lane ,07/11/95
265, Tedman ,819.783.801-19, tmapples7c@cbslocal.com , 74869 Heffernan Center ,02/04/86
266, Natalya ,539.319.737-35, nlytlle7d@weibo.com , 28 Stephen Center ,06/02/84
267, Else ,612.174.085-09, egiacobbinijacob7e@nifty.com , 7395 Doe Crossing Terrace ,07/09/80
268, Baxter ,245.259.235-80, btremayne7f@ca.gov , 3 Crownhardt Park ,02/05/91
269, Borden ,768.694.375-56, bvollam7g@jimdo.com , 7387 Bultman Junction ,14/03/86
270, Nobe ,624.446.578-45, nholbie7h@usgs.gov , 482 Maple Wood Avenue ,30/07/88
271, Ardine ,347.177.595-16, aseamons7i@wp.com , 7396 Rigney Drive ,24/02/82
272, Corney ,864.489.901-51, cohallihane7j@dailymail.co.uk , 222 Emmet Point ,18/01/89
273, Warden ,349.989.985-01, wrobertis7k@paypal.com , 3 Lawn Avenue ,14/03/89
274, Scot ,817.350.433-46, swhife7l@utexas.edu , 0038 Oak Lane ,14/01/82
275, Olia ,273.399.625-81, obillows7m@bbb.org , 465 Karstens Street ,01/01/81
276, Merry ,739.153.508-77, mabramovitz7n@examiner.com , 42 Ruskin Hill ,04/03/95
277, Xenia ,506.076.578-47, xibbs7o@networksolutions.com , 7 Bultman Junction ,07/09/86
278, Brinn ,898.889.703-05, bmelmoth7p@google.nl , 36 Texas Pass ,07/12/80
279, Leila ,744.328.475-65, lvanyarkin7q@blogtalkradio.com , 3 Bobwhite Road ,29/12/95
280, Otha ,002.049.218-99, obrisseau7r@tamu.edu , 22528 Kenwood Park ,25/08/80
281, Honey ,728.285.830-66, hdigiacomo7s@lulu.com , 648 Russell Trail ,30/10/94
282, Nissy ,824.438.764-54, nmulholland7t@fotki.com , 690 Rutledge Avenue ,23/10/90
283, Iorgos ,519.547.864-33, ilafayette7u@google.co.jp , 9 Westport Way ,21/12/81
284, Cymbre ,144.491.732-36, cbrasher7v@cnet.com , 072 Stuart Place ,14/08/87
285, Milicent ,920.925.635-21, mhornig7w@bravesites.com , 60145 Melrose Junction ,17/12/97
286, Evie ,915.991.027-57, edebruyne7x@freewebs.com , 946 Anniversary Circle ,04/01/90
287, Torrance ,025.839.737-38, tsarton7y@weather.com , 54 Crownhardt Place ,05/08/99
288, Fowler ,093.998.832-13, fduckering7z@sakura.ne.jp , 7 Everett Street ,26/11/82
289, Garrott ,100.423.348-53, gfenton80@state.gov , 52984 Chive Circle ,24/02/81
290, Barb ,882.125.606-51, bhalle81@google.com.br , 3859 Eagan Pass ,08/08/90
291, Obidiah ,379.553.458-51, oluby82@slashdot.org , 66 Clarendon Terrace ,16/11/99
292, Merrile ,039.631.978-54, mannett83@yellowbook.com , 010 Shelley Place ,20/05/88
293, Pryce ,507.690.904-78, pgorick84@sphinn.com , 90 Calypso Way ,06/01/96
294, Gusti ,277.122.467-42, gheazel85@jugem.jp , 99642 Westport Street ,27/01/88
295, Aeriela ,201.305.803-92, asket86@yahoo.com , 79 Coleman Hill ,22/09/81
296, Clovis ,616.137.844-22, cwetherill87@tripod.com , 8 Banding Center ,22/07/89
297, Linnet ,736.917.642-82, lmcgannon88@stanford.edu , 34 Menomonie Avenue ,15/01/91
298, Kristel ,421.581.882-60, khuller89@go.com , 7 Heffernan Trail ,25/05/86
299, Gerhard ,337.484.648-35, gchinery8a@smh.com.au , 27262 Kedzie Lane ,19/03/94
300, Noni ,362.974.559-88, nridd8b@51.la , 561 Marcy Crossing ,24/07/92
301, Dita ,709.312.218-38, detty8c@yellowbook.com , 090 Village Green Lane ,08/09/80
302, Merle ,275.404.393-43, mperche8d@home.pl , 4 Heffernan Plaza ,06/03/99
303, Jonathon ,645.804.103-94, jaymerich8e@wunderground.com , 8820 Dahle Street ,05/01/83
304, Claiborn ,924.994.724-05, cernshaw8f@reddit.com , 439 Service Trail ,15/05/82
305, Vito ,653.668.822-81, vbullick8g@networksolutions.com , 3365 Menomonie Circle ,08/01/81
306, Darleen ,360.804.416-75, dgatesman8h@state.gov , 79 Lakewood Gardens Park ,20/04/91
307, Che ,054.787.176-73, csalkild8i@indiegogo.com , 37 Pleasure Way ,17/04/86
308, Natividad ,050.066.209-60, ncarpmile8j@qq.com , 9766 Melby Way ,08/10/80
309, Paulette ,001.607.973-65, pskarr8k@wix.com , 2353 Farmco Park ,10/01/84
310, Hillard ,072.612.829-52, hhenrion8l@elegantthemes.com , 83 Manitowish Hill ,24/08/90
311, Red ,674.894.022-20, rsertin8m@phpbb.com , 808 Acker Terrace ,30/05/87
312, Raleigh ,167.241.627-26, rspadeck8n@xrea.com , 672 Maple Road ,22/11/89
313, Reinaldos ,810.915.375-50, rfryer8o@weebly.com , 83276 Monument Way ,17/08/82
314, Ciel ,045.321.494-01, choodless8p@alibaba.com , 8480 Blackbird Court ,21/12/97
315, Alfie ,134.272.381-30, aferronet8q@eventbrite.com , 88 Fieldstone Plaza ,24/06/96
316, Rosemarie ,492.095.688-69, rhorlock8r@weibo.com , 0169 Hoard Terrace ,21/03/83
317, Nelli ,483.074.047-70, nkach8s@pcworld.com , 66 Saint Paul Circle ,26/12/82
318, Saraann ,102.900.999-60, scrosgrove8t@cloudflare.com , 95282 Scoville Way ,07/01/87
319, Kayne ,966.391.529-32, kvasyunin8u@oracle.com , 4 Morningstar Way ,20/01/90
320, Cortie ,455.360.572-43, cpickwell8v@cmu.edu , 18 Ruskin Lane ,25/10/99
321, Lissa ,768.215.451-97, lrossiter8w@delicious.com , 2994 Towne Avenue ,13/06/99
322, Lenard ,883.360.821-23, lmackean8x@google.it , 30906 Sutherland Pass ,01/03/82
323, Anthe ,579.047.463-28, ajump8y@linkedin.com , 5 Springview Drive ,06/05/83
324, Buddie ,699.385.254-31, brofe8z@delicious.com , 6306 Pawling Hill ,08/02/91
325, Nadia ,421.248.439-07, nrushbrook90@columbia.edu , 30298 Hintze Crossing ,17/10/93
326, Ricki ,875.522.845-36, rlundie91@irs.gov , 62493 Harper Junction ,10/02/92
327, Cindie ,372.189.571-10, cwintle92@networksolutions.com , 574 Porter Park ,11/07/88
328, Demetre ,102.664.434-86, draynor93@furl.net , 62 Mallory Avenue ,07/05/99
329, Glyn ,083.452.720-02, gsteffans94@com.com , 51 South Pass ,08/01/87
330, Ashien ,566.259.948-39, abalmforth95@illinois.edu , 4948 Mifflin Crossing ,15/04/97
331, Jens ,818.501.050-14, jfrancie96@loc.gov , 63483 Laurel Trail ,09/06/84
332, Dorothee ,252.469.873-45, dsenter97@dyndns.org , 3049 Northwestern Crossing ,06/02/96
333, Regine ,584.002.213-62, rhassan98@google.com.br , 372 Forest Run Way ,06/01/90
334, Dar ,236.161.827-35, deilert99@ox.ac.uk , 475 Morrow Junction ,09/05/81
335, Stefanie ,254.344.195-61, ssprasen9a@goo.gl , 55399 Fairfield Junction ,30/10/99
336, Zacharie ,473.761.233-26, zgreder9b@wunderground.com , 84 Maple Center ,27/02/89
337, Merrilee ,803.553.859-45, mpughsley9c@acquirethisname.com , 7 Green Place ,27/06/87
338, Thatcher ,641.860.319-24, tnineham9d@columbia.edu , 66 Maywood Pass ,28/09/95
339, Myrna ,820.971.088-57, mmorefield9e@nyu.edu , 19 Washington Circle ,07/01/91
340, Randene ,962.782.025-30, rholby9f@etsy.com , 0704 Milwaukee Alley ,27/06/90
341, Ludovika ,663.651.661-50, lotowey9g@ft.com , 08 Knutson Park ,04/02/83
342, Tova ,938.518.658-20, tvankeev9h@nifty.com , 4075 Riverside Junction ,11/07/88
343, Patrizio ,194.264.282-24, pvonasek9i@trellian.com , 8001 Tomscot Road ,22/12/94
344, Foster ,264.452.107-67, fnutkin9j@nih.gov , 740 Anzinger Alley ,09/04/88
345, Mellicent ,594.172.013-01, mblonden9k@nbcnews.com , 4 Rockefeller Hill ,05/04/82
346, Korrie ,181.950.237-62, kgartan9l@jiathis.com , 008 Hagan Parkway ,15/08/88
347, Dalston ,162.078.225-10, ddablin9m@army.mil , 979 Badeau Lane ,16/11/99
348, Brenn ,949.315.539-07, bcollet9n@spotify.com , 75 Kingsford Junction ,08/03/96
349, Torry ,207.348.885-46, tcoonihan9o@mozilla.org , 43263 Farwell Pass ,02/06/93
350, Elyn ,206.494.000-62, eswatland9p@ox.ac.uk , 8012 Manitowish Trail ,28/01/98
351, Dorothy ,541.889.563-05, dlampart9q@usnews.com , 94640 Mallory Court ,09/01/82
352, Linnet ,564.509.061-62, lholbarrow9r@feedburner.com , 16 Park Meadow Point ,31/10/95
353, Marissa ,805.129.827-67, mseifert9s@symantec.com , 8797 Scott Circle ,25/01/84
354, Malinda ,837.034.296-58, mcarbonell9t@house.gov , 282 Toban Court ,18/09/92
355, Sonni ,024.132.832-26, sfahrenbacher9u@ask.com , 04 Armistice Point ,19/05/85
356, Alley ,717.071.634-80, aleile9v@live.com , 4531 Anhalt Plaza ,13/12/92
357, Rebekkah ,372.833.704-80, rbutchers9w@creativecommons.org , 82 Forster Junction ,11/04/91
358, Janet ,352.633.646-60, jcomberbach9x@ebay.com , 61067 Butterfield Crossing ,17/11/90
359, Chickie ,172.075.981-22, cbeche9y@google.com.br , 512 Reindahl Park ,26/09/85
360, Edy ,076.478.258-44, eortell9z@cocolog-nifty.com , 3336 Starling Lane ,08/09/81
361, Caspar ,062.206.122-48, cdria0@vkontakte.ru , 0 Mayer Plaza ,11/09/87
362, Kristofor ,749.096.051-77, kfynesa1@deviantart.com , 88 Crescent Oaks Place ,27/05/85
363, Dorice ,438.981.596-20, drosenblatha2@livejournal.com , 31 Oxford Junction ,03/12/89
364, Agata ,726.435.337-04, ahewinsa3@photobucket.com , 3920 Straubel Crossing ,04/05/86
365, Blayne ,923.594.895-93, bbathera4@ning.com , 554 Lien Court ,05/06/98
366, Ninetta ,351.390.086-45, nbarthorpea5@ucsd.edu , 3477 Rutledge Junction ,12/10/86
367, Olimpia ,095.981.525-29, oabbissa6@tripod.com , 350 Caliangt Lane ,21/05/94
368, Freedman ,688.970.692-74, fcherma7@naver.com , 55501 Lakewood Gardens Trail ,12/08/95
369, Marianna ,317.956.963-89, mlambilliona8@sun.com , 74 6th Crossing ,26/02/82
370, Chrissy ,779.184.922-42, ccornelsa9@fc2.com , 5177 Elka Plaza ,08/10/88
371, Renard ,125.076.840-38, rsallaa@xrea.com , 620 Columbus Lane ,06/11/93
372, Noel ,169.100.931-86, nstatenab@github.com , 610 Brickson Park Alley ,29/10/98
373, Tessa ,902.340.742-30, thoxeyac@ovh.net , 72784 Maple Point ,10/04/94
374, Gordon ,234.052.555-11, gtarbetad@cnbc.com , 082 Sauthoff Junction ,21/07/96
375, Lenci ,857.182.948-95, lcharvilleae@mail.ru , 9649 Mandrake Parkway ,06/12/96
376, Casie ,399.433.699-65, cshevelinaf@cbslocal.com , 41101 Sommers Road ,15/11/95
377, Stearne ,145.293.601-30, swilkesag@hc360.com , 3272 Welch Street ,11/05/81
378, Cordie ,242.654.246-27, cdowningah@msu.edu , 1187 Riverside Lane ,11/03/80
379, Ianthe ,719.687.187-10, ifacherai@rambler.ru , 692 Anderson Crossing ,29/06/98
380, Karlotta ,844.618.132-07, kswallowaj@acquirethisname.com , 29 Roxbury Circle ,23/10/81
381, Winifield ,692.074.818-55, wmosebyak@nytimes.com , 009 Mendota Road ,17/10/95
382, Mabelle ,614.984.482-08, mvickeryal@shop-pro.jp , 518 Sutteridge Center ,10/11/88
383, Cy ,223.347.250-05, ctittertonam@amazonaws.com , 060 Michigan Circle ,24/11/96
384, Karry ,918.171.115-82, kgearyan@last.fm , 722 Brickson Park Lane ,26/11/86
385, Antonina ,498.886.492-80, atrewettao@instagram.com , 7085 Hoard Plaza ,31/05/84
386, Alla ,695.418.012-26, agonzalvoap@bing.com , 059 Lakeland Point ,25/11/93
387, Jewell ,144.203.994-90, jcapineeraq@soundcloud.com , 5 Kedzie Court ,13/07/81
388, Nelia ,210.875.248-06, ndelionar@arstechnica.com , 50 Anniversary Way ,18/11/83
389, Lazare ,422.427.360-86, lraynhamas@istockphoto.com , 329 Steensland Crossing ,29/06/98
390, Lynnet ,559.005.010-35, lbirdsallat@illinois.edu , 1 Green Center ,31/01/00
391, Leonore ,266.127.091-46, ldockrayau@bloomberg.com , 8270 Milwaukee Junction ,24/09/98
392, Silvain ,860.270.111-06, slairdav@cnet.com , 972 Browning Court ,14/01/93
393, Libbi ,020.675.925-80, llindemanaw@shutterfly.com , 29 Redwing Trail ,14/06/93
394, Olivie ,823.131.750-30, ococheax@illinois.edu , 7859 Northwestern Avenue ,21/04/80
395, Mathe ,777.873.251-35, mmarsdenay@yandex.ru , 13743 Green Trail ,21/11/82
396, Manon ,003.513.641-37, mmastersonaz@free.fr , 096 Eliot Lane ,23/01/97
397, Farleigh ,658.977.823-00, fhowittb0@scribd.com , 742 Toban Center ,17/06/85
398, Butch ,323.013.116-94, byarhamb1@macromedia.com , 0 Grim Street ,28/08/99
399, Stephani ,798.350.911-10, sheffronb2@ifeng.com , 2364 Hazelcrest Alley ,31/08/89
400, Moe ,789.042.705-02, morthmannb3@fda.gov , 0 Messerschmidt Way ,28/03/97
401, Hammad ,374.699.454-31, hkebellb4@barnesandnoble.com , 6 Hintze Way ,03/12/87
402, Currie ,041.179.726-34, cgasperob5@4shared.com , 22 Magdeline Court ,10/11/98
403, Fawn ,786.608.613-37, fmonkmanb6@sourceforge.net , 202 Loftsgordon Park ,01/07/84
404, Rowland ,411.345.772-73, rstaynesb7@smugmug.com , 11181 Clyde Gallagher Hill ,15/06/99
405, Jeth ,270.265.964-03, jbrownellb8@ibm.com , 964 Marquette Alley ,14/02/99
406, Itch ,575.001.687-05, ihendriksenb9@chicagotribune.com , 0 Maple Hill ,21/10/92
407, Ailbert ,448.882.588-56, apirouetba@godaddy.com , 731 Ryan Terrace ,15/06/90
408, Feliza ,243.118.084-02, faiskovitchbb@miibeian.gov.cn , 83 Reinke Hill ,18/03/99
409, Wash ,251.064.409-20, wwitteringbc@mayoclinic.com , 159 Sauthoff Court ,11/04/83
410, Dannie ,237.805.713-07, dhammelbd@google.com.au , 17 Daystar Terrace ,22/11/98
411, Madeline ,110.567.198-42, mcristofvaobe@jigsy.com , 3168 Memorial Pass ,10/03/83
412, Wilie ,182.155.552-09, whuglandbf@dyndns.org , 335 Waywood Circle ,10/06/87
413, Ev ,559.401.607-43, eriddeoughbg@gnu.org , 23 Valley Edge Parkway ,20/02/80
414, Ethyl ,921.620.585-70, eiannellibh@yolasite.com , 59802 Petterle Drive ,10/07/80
415, Nolly ,290.860.023-40, nmclarnonbi@canalblog.com , 03 Dapin Crossing ,29/09/96
416, Lita ,412.964.319-32, lghidellibj@jiathis.com , 85 Dryden Circle ,08/01/88
417, Flo ,601.110.183-66, fhaltbk@quantcast.com , 89134 Browning Plaza ,10/06/87
418, Chas ,834.996.097-38, cfattorinibl@xrea.com , 3 Haas Crossing ,25/09/92
419, Ewart ,713.837.267-10, emacgilfoylebm@i2i.jp , 28028 Schlimgen Junction ,20/03/97
420, Trude ,622.959.794-20, ttheakerbn@google.co.uk , 6589 Columbus Point ,29/12/83
421, Haven ,847.359.821-08, hhelietbo@icio.us , 43859 Burrows Drive ,10/11/85
422, Morry ,847.080.473-12, mfennellybp@prnewswire.com , 6 Southridge Parkway ,15/07/80
423, Sidney ,703.645.817-86, sklawibq@archive.org , 3 Dennis Terrace ,10/08/84
424, Grady ,769.010.303-04, gmacqueenbr@mtv.com , 372 High Crossing Road ,26/09/81
425, Berny ,125.877.485-26, bpabstbs@paginegialle.it , 8509 Cordelia Drive ,23/04/89
426, Britt ,686.708.402-86, bluckmanbt@hugedomains.com , 488 Eastwood Street ,01/09/87
427, Lock ,421.389.446-03, lturnbu@smh.com.au , 4 Ramsey Junction ,27/04/80
428, Mervin ,535.994.297-58, mbulstrodebv@squidoo.com , 2881 Crowley Alley ,09/07/85
429, Odette ,639.077.883-03, ogumlybw@instagram.com , 0 Alpine Way ,06/02/88
430, Franz ,813.178.267-01, fcorballisbx@yahoo.co.jp , 6709 Old Shore Circle ,28/05/82
431, Gawain ,976.934.176-21, gluchelliby@tuttocitta.it , 5 Mendota Park ,17/01/88
432, Karine ,644.540.783-86, kmessombz@goo.gl , 41551 Bayside Place ,19/06/87
433, Darlleen ,237.751.156-25, dsticklesc0@mysql.com , 7549 Kedzie Crossing ,07/02/97
434, Glad ,042.213.773-13, gdengec1@paginegialle.it , 0146 Mallory Terrace ,06/03/85
435, Stella ,776.819.609-02, spostinsc2@cdc.gov , 6 Ramsey Crossing ,16/01/81
436, Edgardo ,029.548.041-65, efurseyc3@imgur.com , 471 Katie Plaza ,02/04/84
437, Shawn ,750.529.956-52, swhertonc4@ezinearticles.com , 402 Anthes Plaza ,12/12/93
438, Rania ,309.938.543-38, rrockellc5@scientificamerican.com , 842 Nancy Point ,12/12/95
439, Sloan ,197.595.289-83, ssutliffc6@digg.com , 6612 Schlimgen Street ,19/06/81
440, Valerie ,642.774.714-20, vwimpeneyc7@squarespace.com , 72311 Stoughton Court ,21/05/83
441, Welby ,963.431.250-00, wmatuszykc8@constantcontact.com , 89 Hagan Parkway ,29/03/83
442, Dill ,687.588.342-22, dmassec9@technorati.com , 2 Nobel Way ,06/05/99
443, Agace ,047.915.152-00, ablaydonca@zdnet.com , 1873 Lotheville Crossing ,28/09/80
444, Letizia ,837.982.393-12, lkernancb@reference.com , 37972 Ilene Way ,25/06/88
445, Boot ,499.978.388-66, bgiblingcc@myspace.com , 2669 Bluejay Park ,06/03/83
446, Cristen ,268.377.383-80, cingledowcd@google.com , 648 Schiller Road ,31/10/85
447, Rosemary ,005.362.463-78, rsalvince@gmpg.org , 39805 Vernon Junction ,08/03/93
448, Kele ,878.395.271-32, kskeldingcf@blogs.com , 43912 Transport Lane ,01/03/87
449, Remy ,709.715.227-31, rizakovcg@twitter.com , 8 Derek Place ,24/08/81
450, Brandyn ,316.086.412-01, bgertzch@nba.com , 9 Twin Pines Terrace ,27/09/95
451, Karon ,140.302.156-29, kpieterickci@businessinsider.com , 83386 Moland Way ,25/03/89
452, Olly ,762.999.875-96, obomancj@intel.com , 77 Pawling Avenue ,03/07/96
453, Rurik ,575.741.833-84, reshelbyck@hexun.com , 7 Hauk Trail ,24/08/84
454, Jude ,119.730.593-98, jvasquezcl@shop-pro.jp , 91 Schmedeman Way ,15/01/84
455, Rutherford ,238.926.496-42, rlesieurcm@google.com.au , 252 Sunfield Trail ,09/03/94
456, Daron ,109.621.555-19, ddominellicn@paginegialle.it , 86765 Oakridge Terrace ,06/02/98
457, Monro ,646.983.545-79, mlearoydeco@discuz.net , 31687 Sauthoff Parkway ,26/08/85
458, Bonita ,209.586.453-02, bgerleitcp@soundcloud.com , 45855 Delladonna Drive ,02/03/99
459, Hamnet ,402.418.982-42, hdykecq@storify.com , 775 Tony Hill ,15/01/94
460, Joanne ,462.920.576-40, jgossagecr@businessinsider.com , 96 Dryden Alley ,26/06/83
461, Sherill ,010.096.436-22, ssimonitecs@shutterfly.com , 8379 Superior Circle ,25/07/81
462, Ruth ,913.825.981-81, rkneelandct@ft.com , 1151 Sugar Road ,28/01/98
463, Edithe ,263.804.916-60, etraskcu@nhs.uk , 6611 Gerald Park ,04/02/86
464, Gregg ,878.634.781-03, gmaleneycv@cbc.ca , 3 Straubel Lane ,03/02/98
465, Javier ,476.078.198-60, jdrivercw@google.co.jp , 481 Nobel Junction ,24/08/85
466, Lay ,462.345.563-70, lmazincx@example.com , 19 Milwaukee Street ,28/02/99
467, Alasdair ,303.243.911-61, audycy@slashdot.org , 1 Tomscot Trail ,26/06/82
468, Lenka ,896.469.128-85, lmatschkecz@smh.com.au , 46 Stone Corner Park ,18/01/82
469, Gayler ,438.373.967-97, gmancktelowd0@bloglines.com , 74 Golf View Place ,06/10/92
470, Ange ,127.564.821-53, abalked1@tumblr.com , 9321 Bobwhite Lane ,11/01/85
471, Sheryl ,782.547.964-59, szealanderd2@e-recht24.de , 8326 Weeping Birch Road ,01/02/90
472, Gerek ,949.315.649-41, gbridewelld3@liveinternet.ru , 41556 Menomonie Way ,28/12/81
473, Benedikta ,300.659.938-10, bbeedled4@yahoo.co.jp , 6825 Kings Trail ,15/07/99
474, Coralie ,403.435.278-71, cmichelled5@feedburner.com , 42 Nova Plaza ,28/04/82
475, Trevar ,343.305.420-72, tmcwhirterd6@cyberchimps.com , 04 Crowley Crossing ,30/10/88
476, Carlotta ,490.778.396-58, ctownesd7@google.com , 7 Sullivan Trail ,01/03/85
477, Tawnya ,564.592.677-31, tperled8@adobe.com , 62 Sachs Place ,30/03/83
478, Chloette ,780.068.919-07, cfulhamd9@google.fr , 632 Loftsgordon Park ,11/05/98
479, Alvan ,192.417.336-08, aoventonda@hostgator.com , 371 Victoria Lane ,16/05/91
480, Leonard ,405.617.239-07, lcoxendb@zimbio.com , 8 Colorado Junction ,11/03/81
481, Northrup ,045.964.165-40, nolenikovdc@joomla.org , 6 Glendale Court ,15/08/89
482, Milena ,853.930.891-63, mdivisdd@ted.com , 0 Hayes Street ,27/09/80
483, Sophronia ,338.251.519-99, ssellickde@nydailynews.com , 143 Doe Crossing Junction ,31/12/80
484, Minnaminnie ,363.251.236-11, mdelatremoilledf@w3.org , 8 Sheridan Junction ,10/12/96
485, Jake ,744.753.263-03, jmckeowondg@tumblr.com , 765 Bonner Lane ,23/05/80
486, Mona ,478.368.776-55, mnavarijodh@pinterest.com , 18 Fairview Trail ,21/06/98
487, Dacy ,404.319.816-71, ddorsettdi@shinystat.com , 00 Forest Dale Parkway ,07/04/92
488, Read ,326.361.308-10, rjukesdj@jigsy.com , 13 Northport Pass ,25/05/98
489, Nobe ,886.345.418-35, nprinedk@cnet.com , 03172 Artisan Plaza ,17/10/82
490, Delaney ,775.765.119-07, dfindlaterdl@home.pl , 0 Sheridan Street ,12/06/89
491, Dominica ,460.091.096-63, dswitlanddm@parallels.com , 4 Jana Plaza ,14/12/91
492, Bethanne ,125.816.886-37, bdarbishiredn@ucoz.ru , 8 Colorado Street ,03/06/87
493, Shurwood ,917.954.990-01, smathivondo@wisc.edu , 3 Katie Lane ,23/09/91
494, Aubert ,834.305.587-00, awegnerdp@springer.com , 50038 Fuller Pass ,20/04/99
495, Davis ,309.409.527-50, dstricklanddq@wisc.edu , 4337 Orin Trail ,04/06/84
496, Julita ,390.792.372-30, jrembrantdr@reference.com , 795 Meadow Valley Plaza ,14/10/87
497, Dorree ,412.190.944-55, dsigsworthds@engadget.com , 53 Sugar Terrace ,27/09/80
498, Morena ,692.005.333-02, msnarttdt@friendfeed.com , 7 Bashford Hill ,25/06/85
499, Toinette ,344.462.060-87, todeadu@devhub.com , 02601 Hansons Place ,22/05/82
500, Vivia ,932.327.227-25, vdafferndv@delicious.com , 7 Shopko Crossing ,18/09/86
501, Falito ,382.365.209-51, fblackmuirdw@usgs.gov , 3 Novick Road ,28/01/87
502, Wendall ,576.525.690-28, wmayerdx@rambler.ru , 0357 Blackbird Parkway ,03/02/96
503, Barbara ,727.380.023-66, bschaperody@telegraph.co.uk , 87 Old Gate Hill ,20/06/93
504, Zara ,242.023.233-00, zreignoulddz@discovery.com , 966 North Court ,04/02/92
505, Maurie ,580.131.605-13, mgoanee0@walmart.com , 53606 Rockefeller Pass ,27/06/91
506, Sauncho ,930.162.213-06, sduffitte1@blogtalkradio.com , 994 Schiller Junction ,16/03/93
507, Nicoli ,327.979.445-50, nchestnutte2@newyorker.com , 5 Meadow Ridge Drive ,12/04/99
508, Oralia ,688.997.446-88, oduckere3@usatoday.com , 8239 Jay Park ,22/09/93
509, Jacklyn ,317.470.030-26, jdinnagee4@weather.com , 1 Rusk Road ,25/06/82
510, Del ,734.614.378-75, demmitte5@businessinsider.com , 75536 Sheridan Plaza ,07/10/84
511, Griffy ,707.212.351-23, gburforde6@fastcompany.com , 4 Morning Crossing ,12/05/88
512, Stephan ,693.223.236-71, sbaxandalle7@bravesites.com , 67734 Fremont Street ,24/08/85
513, Liuka ,858.803.896-00, luziellie8@wiley.com , 26 Cardinal Junction ,08/11/80
514, Zebulon ,161.279.985-06, zriepe9@live.com , 9752 Dapin Plaza ,09/11/89
515, Elsbeth ,044.051.766-47, elindholmea@disqus.com , 4 Kings Pass ,14/09/92
516, Percy ,540.700.275-21, pwellsmaneb@hugedomains.com , 8023 Continental Road ,30/10/98
517, Johan ,481.836.948-96, jodonnellec@seattletimes.com , 78254 Dovetail Parkway ,15/05/98
518, Tallulah ,936.619.154-10, tmalenoired@youtu.be , 4544 Dorton Plaza ,06/12/91
519, Roseann ,681.050.894-59, rlomasee@bbc.co.uk , 46846 La Follette Terrace ,16/03/94
520, Barri ,770.184.490-22, balphonsoef@wiley.com , 4 Novick Parkway ,11/04/98
521, Joscelin ,096.938.420-30, jgaskeg@reuters.com , 9087 Scofield Drive ,27/04/89
522, Jay ,424.935.130-02, jbettiseh@wikipedia.org , 9 Maywood Point ,20/02/82
523, Jacquie ,948.528.681-31, jmaphamei@abc.net.au , 303 Heffernan Lane ,01/08/89
524, Brewer ,804.862.488-52, bhoppnerej@chicagotribune.com , 68029 Westridge Court ,17/12/82
525, Judye ,962.237.487-52, jouverek@baidu.com , 8738 Jenifer Trail ,31/12/85
526, Rosamund ,417.894.035-02, rtoffaniniel@slideshare.net , 99982 Aberg Junction ,13/10/90
527, Elvis ,492.546.059-56, egreganem@360.cn , 42 Loftsgordon Way ,22/12/98
528, Quinlan ,754.840.031-48, qrouthornen@google.com.br , 993 Porter Avenue ,25/04/81
529, Stanwood ,884.693.635-30, saldwickeo@surveymonkey.com , 92 Jenna Drive ,08/10/97
530, Angelle ,664.494.180-01, awhewellep@usda.gov , 96 Nevada Crossing ,16/08/89
531, Casey ,339.743.255-30, cbrimnereq@last.fm , 301 Anderson Hill ,11/10/99
532, Ray ,260.760.897-09, rkeneweler@amazon.co.uk , 44 Vera Trail ,10/09/91
533, Ofilia ,380.121.737-00, osaffilles@blogtalkradio.com , 3628 Stone Corner Drive ,22/01/98
534, Marje ,981.480.083-02, mobbardet@cyberchimps.com , 5 Fallview Junction ,13/04/89
535, Beulah ,238.988.842-95, bgoodletteu@1und1.de , 563 Golf Park ,07/10/80
536, Yolanthe ,800.782.130-96, yhollowsev@hao123.com , 99193 Arrowood Park ,25/09/87
537, Madlen ,373.425.593-77, mromeroew@example.com , 5274 Stang Pass ,06/03/97
538, Garvy ,885.740.212-61, gdallimareex@engadget.com , 6 Logan Way ,12/12/96
539, Elihu ,455.725.699-68, epadefieldey@noaa.gov , 4 Division Hill ,29/11/99
540, Miquela ,059.533.440-74, msansez@guardian.co.uk , 574 Cody Lane ,22/09/82
541, Chrissy ,581.280.244-00, ccumberbatchf0@simplemachines.org , 63 Hermina Plaza ,21/12/92
542, Jerrie ,237.754.846-63, jgregorinf1@com.com , 51 Anzinger Plaza ,22/09/95
543, Raine ,561.319.651-61, rmacvicarf2@prweb.com , 9 Butternut Road ,09/03/83
544, Harriett ,744.188.362-84, hduplantierf3@dailymail.co.uk , 7 Meadow Vale Lane ,05/04/95
545, Errick ,574.970.493-99, egarmeyf4@de.vu , 68747 Utah Park ,25/06/80
546, Arley ,004.915.093-67, adienesf5@guardian.co.uk , 88690 Eastlawn Parkway ,28/11/81
547, Maure ,652.469.362-01, mbaldonif6@nbcnews.com , 899 Hermina Way ,08/12/84
548, Kristel ,789.483.081-06, kpatchettf7@issuu.com , 87 Old Shore Park ,02/10/97
549, Brent ,810.441.227-22, bhaylorf8@gmpg.org , 97 Hoard Road ,03/04/91
550, Kippie ,949.454.168-50, kitschakovf9@google.com.br , 5168 Lawn Point ,08/03/98
551, Guinna ,066.126.463-73, gcareswellfa@webnode.com , 0413 Laurel Park ,26/09/94
552, Pearle ,083.720.528-08, pbaxandallfb@newyorker.com , 759 Eagle Crest Court ,19/08/89
553, Shawnee ,991.102.871-24, sragbornefc@mayoclinic.com , 3 Thierer Crossing ,24/04/92
554, Brandyn ,322.139.872-70, bscrivinerfd@usatoday.com , 98 Jay Place ,11/02/82
555, Fern ,170.665.332-83, fsumshonfe@xrea.com , 68 Jana Junction ,28/02/88
556, Angelia ,656.194.729-06, aspaingowerff@unc.edu , 98 Mandrake Court ,27/02/91
557, Rice ,444.602.909-60, rbaxstarefg@bluehost.com , 5 Drewry Terrace ,25/02/87
558, Beale ,735.978.642-87, bclemenceaufh@irs.gov , 20 Hollow Ridge Drive ,20/02/87
559, Moise ,388.152.383-95, mtomanekfi@oaic.gov.au , 29 Schlimgen Lane ,08/11/87
560, Ariella ,325.655.545-40, amatkinfj@buzzfeed.com , 13 Hagan Trail ,21/10/93
561, Kirby ,683.969.835-18, klowreyfk@cpanel.net , 0016 Morningstar Place ,07/05/83
562, Dacey ,193.522.238-45, djulefffl@cbsnews.com , 4 Loomis Junction ,19/12/92
563, Philippa ,285.534.927-37, prodbournefm@huffingtonpost.com , 79856 Village Green Crossing ,22/08/82
564, Burch ,175.904.103-30, bbrabynfn@nps.gov , 0 Crest Line Parkway ,25/10/90
565, Harv ,369.884.654-30, hlichfieldfo@ocn.ne.jp , 8244 Jackson Lane ,12/01/87
566, Corrianne ,537.907.822-20, cmenilovefp@stanford.edu , 1 La Follette Street ,26/10/87
567, Martica ,079.237.053-80, mperoccifq@1688.com , 84344 Hazelcrest Junction ,15/11/96
568, Lissie ,691.005.905-09, lseabrockefr@chronoengine.com , 943 Oakridge Street ,16/10/95
569, Jacqueline ,864.029.345-77, jbannesterfs@diigo.com , 55402 Clarendon Avenue ,24/04/87
570, Hana ,770.239.740-32, hkeysft@theguardian.com , 00 Hauk Plaza ,14/09/98
571, Rosemonde ,977.880.005-74, rdrucefu@shutterfly.com , 2 High Crossing Point ,02/05/96
572, Allene ,261.724.258-70, atremmelfv@shinystat.com , 52 Wayridge Center ,25/07/95
573, Ingram ,173.177.366-86, ibelhomefw@seesaa.net , 0 Orin Avenue ,18/03/93
574, Lindsy ,834.515.753-02, lgerrietsfx@bloomberg.com , 0441 Basil Terrace ,02/01/84
575, Raynor ,230.589.722-70, rblampyfy@reddit.com , 2754 Little Fleur Way ,02/06/95
576, Rozina ,911.464.767-28, rkinvigfz@microsoft.com , 34220 6th Point ,30/01/96
577, Odele ,558.078.408-28, okobeltg0@topsy.com , 33 Nova Park ,18/04/95
578, Margo ,012.802.726-60, mhowattg1@last.fm , 236 Fordem Center ,17/12/85
579, Kellie ,599.905.127-44, kguthersong2@deliciousdays.com , 7487 Maple Wood Lane ,09/09/87
580, Caddric ,848.422.294-20, ccanepeg3@wikia.com , 74 Valley Edge Junction ,06/07/89
581, Yvonne ,343.218.771-80, yizhakovg4@google.fr , 72 Nelson Road ,22/01/92
582, Adelaida ,323.085.862-06, ahuntingdong5@bizjournals.com , 54 Birchwood Way ,02/12/98
583, Norris ,227.028.434-84, ndilleyg6@hp.com , 385 Canary Avenue ,08/10/95
584, Clemmie ,996.750.963-57, chandrockg7@cpanel.net , 06919 Sunnyside Park ,05/12/89
585, Cobbie ,886.592.181-16, clivardg8@skype.com , 87 Sherman Way ,02/10/82
586, Kerry ,030.771.154-41, kbladgeg9@msu.edu , 0261 Declaration Trail ,10/09/84
587, Thayne ,993.749.117-79, tchesswasga@bing.com , 1185 Bonner Alley ,17/02/87
588, Casey ,925.863.916-24, cwillowaygb@marketwatch.com , 14427 Pepper Wood Way ,10/05/80
589, Marijn ,427.162.998-70, mhowdengc@gnu.org , 194 Claremont Place ,22/02/85
590, Yolanthe ,785.769.507-66, yfollinggd@clickbank.net , 934 Ridgeview Parkway ,27/09/89
591, Joannes ,558.507.835-63, jcopelloge@illinois.edu , 4406 Carpenter Lane ,02/03/92
592, Starr ,423.448.517-98, skemberygf@mozilla.org , 049 Grayhawk Parkway ,19/09/81
593, Mufinella ,527.676.141-88, mwellwoodgg@census.gov , 0 Little Fleur Circle ,13/03/88
594, Neil ,829.528.730-38, nmacquarriegh@freewebs.com , 50 Portage Crossing ,26/06/96
595, Cassandry ,477.008.362-99, cmcturkgi@merriam-webster.com , 34 Almo Crossing ,27/09/81
596, Carena ,774.781.367-88, cbewliegj@gravatar.com , 0 Bashford Alley ,28/10/95
597, Clerc ,536.856.123-79, csouthworthgk@yellowpages.com , 3006 Spohn Street ,19/04/85
598, Gelya ,965.614.898-37, ggreggersengl@smugmug.com , 13065 Springs Avenue ,04/03/81
599, Annnora ,500.108.746-58, atzarkovgm@who.int , 71755 Waubesa Way ,16/08/89
600, Fonsie ,681.113.484-44, fscrigmourgn@wikimedia.org , 235 Main Pass ,26/06/80
601, Kristina ,039.162.523-30, klovettgo@chronoengine.com , 6524 Sundown Plaza ,21/05/97
602, Andie ,284.458.238-92, aarrighettigp@ox.ac.uk , 677 Service Parkway ,16/02/90
603, Wini ,357.657.375-52, wkeetinggq@plala.or.jp , 77363 Blue Bill Park Circle ,29/01/85
604, Cymbre ,289.705.721-12, cmontgr@comcast.net , 1 Bultman Court ,30/09/96
605, Brannon ,155.138.558-95, bspurgegs@howstuffworks.com , 1 Northview Park ,27/10/84
606, Tybalt ,466.213.359-97, tficegt@simplemachines.org , 40882 Dryden Terrace ,08/03/89
607, Carson ,375.795.452-17, choneyghangu@youku.com , 8800 Kings Drive ,10/08/95
608, Ede ,963.453.773-17, egorhardtgv@yahoo.co.jp , 44 Schlimgen Street ,21/08/90
609, Cesya ,180.934.412-39, cstuttergw@networksolutions.com , 0 Scoville Terrace ,29/11/88
610, Garvy ,198.999.368-04, gsjostromgx@nydailynews.com , 6 Hagan Lane ,10/06/89
611, Phebe ,189.529.568-85, phobsongy@de.vu , 6680 Oak Hill ,18/08/95
612, Amalita ,558.045.430-91, aassafgz@4shared.com , 94437 Crowley Circle ,29/05/92
613, Sayres ,789.435.997-14, scartnerh0@tinypic.com , 9 Prentice Street ,06/04/93
614, Augustine ,493.649.332-57, aelverstonh1@pinterest.com , 976 Maple Wood Park ,10/03/97
615, Ewen ,686.733.990-50, ederlh2@cafepress.com , 54886 Ohio Crossing ,05/02/81
616, Cecilia ,527.231.073-02, cjurkiewiczh3@patch.com , 06 Dovetail Street ,14/08/87
617, Reinwald ,720.761.955-30, rkonzelmannh4@usgs.gov , 0 Shasta Terrace ,05/06/94
618, Mikey ,840.321.641-69, msickerth5@arstechnica.com , 2367 Dovetail Drive ,19/09/87
619, Christoffer ,224.195.143-94, cayreh6@gmpg.org , 0757 Hayes Pass ,06/04/83
620, Madge ,687.071.979-93, mcomptonh7@wiley.com , 6 Lotheville Drive ,10/06/83
621, Marve ,452.487.564-64, mlampenh8@berkeley.edu , 43702 Maywood Lane ,20/02/85
622, Ingemar ,998.220.941-83, ihalseyh9@cbc.ca , 95158 Bonner Drive ,03/05/85
623, Caitrin ,543.451.355-08, cburrha@about.com , 21541 Marcy Circle ,19/06/80
624, Edyth ,275.653.125-17, ehalshohb@newsvine.com , 44 Weeping Birch Center ,02/01/94
625, Joye ,225.090.196-19, jscandroothc@uol.com.br , 78919 Golf Trail ,04/09/89
626, Perl ,521.647.084-07, pfluckerhd@phoca.cz , 85590 Graceland Plaza ,16/07/81
627, Bat ,681.871.895-76, bhrachoveche@biblegateway.com , 901 Chive Park ,16/12/91
628, Anselma ,294.195.999-81, agibletthf@statcounter.com , 1930 Swallow Drive ,23/04/99
629, Caspar ,832.482.883-45, cstrothershg@virginia.edu , 47483 Mcbride Junction ,01/10/88
630, Courtney ,633.688.732-45, ccrowhursthh@admin.ch , 3858 Morningstar Avenue ,05/03/98
631, Hazlett ,318.598.731-46, hhumpagehi@ovh.net , 987 Oriole Plaza ,14/11/83
632, Ida ,446.336.544-97, igostykehj@sciencedirect.com , 14 Beilfuss Point ,13/11/99
633, Susie ,131.841.520-90, smccafferkyhk@bizjournals.com , 870 Blaine Crossing ,29/10/99
634, Wallis ,316.856.503-25, wduredenhl@webmd.com , 1 Haas Center ,23/07/80
635, Michail ,476.101.932-83, mbonushm@shutterfly.com , 1 Park Meadow Park ,24/12/83
636, Camey ,222.987.083-12, cmckeaghn@bigcartel.com , 1 Havey Point ,19/05/91
637, Lexie ,481.791.187-54, lstoddardho@csmonitor.com , 27122 Maryland Avenue ,21/08/92
638, Nolana ,653.288.042-60, nglasonhp@zimbio.com , 7823 Harper Center ,09/08/81
639, Ada ,842.640.651-35, adecarolihq@google.co.jp , 2760 Briar Crest Plaza ,31/10/83
640, Dionis ,916.723.981-18, dfilleryhr@lulu.com , 571 Northview Drive ,18/01/92
641, Barthel ,281.992.102-73, bbicknellhs@cdbaby.com , 0 Browning Plaza ,23/05/95
642, Shirline ,637.692.786-66, sgirardeyht@xinhuanet.com , 00 Crowley Lane ,28/01/88
643, Ines ,874.294.312-40, iszymanowiczhu@slashdot.org , 11 Mesta Hill ,07/06/85
644, Alisander ,476.045.809-39, akenrighthv@netscape.com , 904 Northview Way ,06/05/82
645, Giffie ,570.878.574-87, gdensonhw@nytimes.com , 7 Birchwood Circle ,08/09/84
646, Anneliese ,403.926.876-82, akochlhx@barnesandnoble.com , 87558 Pearson Point ,04/02/98
647, Nissie ,991.639.088-67, ninoldhy@dyndns.org , 18020 Amoth Terrace ,13/02/81
648, Mellisent ,174.458.867-88, mscrasehz@istockphoto.com , 7814 Kenwood Terrace ,21/11/86
649, Zita ,143.010.074-58, zpatesi0@bing.com , 67143 American Park ,27/11/89
650, Dede ,194.661.737-74, dplaili1@unc.edu , 16087 Anhalt Road ,11/04/84
651, Temp ,335.014.154-43, tdurdeni2@github.com , 9 Division Street ,28/01/92
652, Georgianna ,687.955.327-30, gscoggini3@google.fr , 7 Luster Place ,02/08/90
653, Luciana ,145.771.191-53, lfarnelli4@godaddy.com , 27 Fulton Terrace ,20/12/90
654, Jess ,006.692.938-57, jsynnotti5@buzzfeed.com , 5573 Sachtjen Junction ,06/09/90
655, Nesta ,035.075.374-19, nrochesteri6@studiopress.com , 3 Bunker Hill Avenue ,21/02/98
656, Ingra ,030.814.948-34, ilambethi7@toplist.cz , 50 Aberg Road ,17/05/94
657, Boonie ,270.437.663-89, baizikovichi8@e-recht24.de , 0760 Columbus Street ,13/06/87
658, Beaufort ,470.113.944-00, bbarteni9@bbc.co.uk , 8108 Sherman Lane ,28/02/80
659, Vic ,074.582.126-08, vjamesia@mapquest.com , 41991 Nelson Way ,18/08/99
660, Jory ,990.074.203-64, jledfordib@addtoany.com , 483 Waxwing Hill ,11/02/81
661, Lanita ,643.842.154-52, llottic@tripod.com , 282 Straubel Place ,18/09/84
662, Esmeralda ,604.548.582-30, ebeddinid@intel.com , 1 Birchwood Street ,04/04/92
663, Archambault ,071.005.651-62, aleivesleyie@nydailynews.com , 159 Manufacturers Road ,14/02/85
664, Quincy ,235.685.769-96, qdruhanif@opera.com , 874 Pankratz Drive ,31/10/88
665, Hiram ,662.009.586-02, hshoemarkig@geocities.com , 939 Haas Hill ,14/12/80
666, Dael ,960.661.897-86, dmasseih@ycombinator.com , 2 Florence Circle ,14/06/90
667, Boigie ,853.769.279-46, bdantonii@gnu.org , 61 Ramsey Avenue ,15/11/97
668, Gabbie ,815.256.170-36, greddleij@networkadvertising.org , 660 Hazelcrest Lane ,21/03/90
669, Jordon ,740.375.856-00, jflowittik@usda.gov , 42033 Knutson Park ,16/05/91
670, Ogden ,800.490.463-73, olacasail@barnesandnoble.com , 22 Sunnyside Avenue ,27/06/80
671, Brana ,422.891.151-00, bbrettonim@scientificamerican.com , 5 Dryden Avenue ,09/08/85
672, Othilie ,589.796.820-93, ovolantein@bbc.co.uk , 199 West Place ,01/11/91
673, Grayce ,740.194.485-58, gdwineio@xing.com , 22 Grayhawk Drive ,26/04/88
674, Rosalind ,690.490.769-04, rheddenip@live.com , 1 Melby Lane ,15/12/87
675, Isidore ,198.421.105-67, ifibbensiq@economist.com , 0830 Dakota Place ,15/10/87
676, Hazel ,117.426.918-97, hledinghamir@wired.com , 8 Novick Alley ,18/04/91
677, Crista ,966.584.756-28, clendenis@washingtonpost.com , 5 Lien Drive ,18/02/99
678, Asa ,871.593.485-32, afayerit@dion.ne.jp , 491 Portage Road ,20/09/90
679, Shanda ,827.036.325-17, swileyiu@jimdo.com , 810 Moulton Pass ,11/05/88
680, Ulrikaumeko ,194.649.060-14, ucrummyiv@shutterfly.com , 2393 Schmedeman Street ,23/12/81
681, Natty ,850.509.591-01, ndruceiw@sakura.ne.jp , 77 Dixon Parkway ,06/01/88
682, Dorrie ,027.960.745-87, dheintschix@histats.com , 7 Grim Trail ,21/02/91
683, Kalvin ,249.125.435-27, kpimlettiy@bigcartel.com , 52481 Scott Lane ,21/11/87
684, Kelly ,594.335.915-00, kplaunchiz@yahoo.com , 4518 Dixon Alley ,05/12/97
685, Brigit ,409.827.192-30, bcapunj0@blogtalkradio.com , 14501 Carberry Alley ,02/02/94
686, Vite ,520.657.450-37, vbolesmaj1@friendfeed.com , 280 Melby Plaza ,06/07/95
687, Mahalia ,441.626.638-31, mdressellj2@yale.edu , 02093 Marcy Plaza ,10/01/98
688, Rick ,340.312.758-38, rdampneyj3@over-blog.com , 45 Maryland Avenue ,07/11/80
689, Bogart ,250.027.179-00, bnapoleonej4@surveymonkey.com , 6 Knutson Avenue ,01/08/86
690, Marika ,566.484.634-81, mhrishchenkoj5@toplist.cz , 16 Melvin Crossing ,11/03/88
691, Vic ,362.006.407-50, vamysj6@devhub.com , 54 Spohn Park ,23/06/80
692, Devinne ,015.836.050-88, dgrundonj7@weather.com , 04 Warbler Terrace ,04/05/95
693, Trevor ,712.358.294-21, trowlattj8@geocities.com , 9 Cherokee Way ,26/07/93
694, Elsbeth ,542.690.626-22, eosbidstonj9@dropbox.com , 7 Kinsman Point ,27/01/84
695, Marita ,483.586.432-84, molechnowiczja@nih.gov , 0668 Sage Park ,22/04/87
696, Eula ,261.111.215-02, efischerjb@github.io , 634 Birchwood Alley ,05/05/84
697, Tish ,692.085.170-98, tkibbeyjc@netscape.com , 36164 Burning Wood Court ,04/12/89
698, Clarence ,422.161.445-50, creskellyjd@psu.edu , 4 Birchwood Junction ,30/09/92
699, Victor ,505.022.408-06, vpetoje@networkadvertising.org , 6 Thompson Road ,22/09/85
700, Mahalia ,538.055.144-09, mlanktreejf@elpais.com , 25486 John Wall Lane ,14/10/94
701, Cynthy ,988.591.789-67, ctrewhittjg@flavors.me , 8 Corscot Crossing ,25/11/94
702, Godart ,091.715.500-97, gpanonsjh@youtube.com , 27 Gulseth Crossing ,12/08/91
703, Phil ,458.081.868-70, pgethinji@uiuc.edu , 2840 Holmberg Terrace ,08/07/90
704, Saul ,859.614.373-45, svertyjj@wikimedia.org , 1178 Tony Trail ,19/11/91
705, Michaela ,893.610.770-40, mgherardinijk@lulu.com , 29 Muir Pass ,20/06/99
706, Worth ,968.705.710-66, wdiffleyjl@wikipedia.org , 5 Knutson Trail ,03/04/86
707, Wiley ,609.586.049-08, wkrojnjm@spiegel.de , 54035 Spaight Trail ,10/09/98
708, Elsworth ,272.569.098-61, eloosmorejn@marketwatch.com , 2 Buena Vista Junction ,11/04/80
709, Lavinie ,895.483.482-50, leratjo@youku.com , 5904 Weeping Birch Road ,21/05/94
710, Mill ,485.144.515-61, msewardjp@time.com , 08 Stuart Pass ,28/05/81
711, Rickey ,749.513.495-07, rdietzjq@nymag.com , 224 Bonner Road ,23/07/80
712, Melantha ,970.850.295-28, mdormerjr@instagram.com , 60 Anderson Terrace ,29/05/89
713, Bendix ,051.865.961-59, bglederjs@domainmarket.com , 2 Kings Drive ,07/03/86
714, Corly ,875.509.982-30, cmaynejt@jiathis.com , 35954 Reindahl Place ,07/01/81
715, Cheri ,748.579.151-62, criddelju@com.com , 4408 Carpenter Plaza ,20/04/97
716, Martainn ,942.657.161-21, mvandecastelejv@wikipedia.org , 48781 Homewood Lane ,26/09/91
717, Marco ,676.015.403-75, mmaccaulljw@nbcnews.com , 348 American Ash Pass ,26/02/89
718, Kira ,667.043.713-70, kmacgaughyjx@yellowpages.com , 33716 Cardinal Drive ,25/06/94
719, Alexandro ,219.518.480-98, afuscojy@upenn.edu , 29 Hauk Lane ,18/01/83
720, Albina ,891.346.018-13, adooreyjz@nbcnews.com , 8427 Redwing Court ,10/12/80
721, Marcia ,622.074.816-62, mvictoryk0@istockphoto.com , 664 Rutledge Parkway ,06/12/89
722, Clem ,407.002.292-99, csammonsk1@discovery.com , 6 Linden Drive ,23/07/97
723, Jordan ,836.250.099-94, jstlegerk2@diigo.com , 1493 High Crossing Way ,19/09/95
724, Janek ,161.745.405-29, jbalcersk3@amazon.co.uk , 07 Norway Maple Place ,22/12/80
725, Abbe ,333.291.107-40, amaltbyk4@miibeian.gov.cn , 930 Fulton Terrace ,13/04/89
726, Malcolm ,507.546.114-00, mhanscombek5@sakura.ne.jp , 6 Badeau Parkway ,01/01/83
727, Opaline ,826.955.341-75, orichardssonk6@acquirethisname.com , 932 Starling Park ,24/04/92
728, Brianna ,549.460.038-60, bkeppiek7@eepurl.com , 1 Oak Valley Junction ,03/07/86
729, Merilee ,975.357.821-08, mswaink8@is.gd , 6197 Sugar Court ,16/09/91
730, Ive ,183.550.930-46, iepinek9@hhs.gov , 03 Village Green Point ,18/04/90
731, Hanson ,883.047.274-39, htowsieka@reddit.com , 2 Service Plaza ,03/04/92
732, Missie ,882.726.913-45, mlodfordkb@nature.com , 8185 Sage Drive ,22/08/98
733, Robinetta ,883.721.040-00, rworthingtonkc@walmart.com , 28677 Fairfield Plaza ,31/10/88
734, Elmira ,127.505.377-70, edorracottkd@ft.com , 71464 Truax Center ,30/05/98
735, Irena ,076.176.432-17, islanyke@narod.ru , 35364 Banding Circle ,24/04/87
736, Aile ,212.985.441-90, atiuitkf@freewebs.com , 30054 Fisk Street ,04/11/99
737, Giff ,952.035.650-90, ggifkinskg@ox.ac.uk , 9 Prairie Rose Crossing ,27/08/98
738, Aili ,887.960.070-28, adewikh@google.com , 501 Dapin Place ,29/06/99
739, Garnette ,771.853.189-98, givkovicki@wufoo.com , 91 Debs Avenue ,15/09/90
740, Faunie ,513.508.519-06, fchoppenkj@discovery.com , 64419 Schmedeman Pass ,06/06/86
741, Abraham ,249.308.925-11, amingottikk@mashable.com , 56783 Gateway Junction ,08/12/99
742, Ruthie ,207.207.793-16, randriessenkl@ifeng.com , 1116 Bluejay Park ,30/03/86
743, Bord ,701.511.520-47, bhinrichsenkm@weebly.com , 07 Dapin Pass ,10/03/80
744, Donall ,177.775.128-46, dkillshawkn@mtv.com , 4 Beilfuss Hill ,15/11/91
745, Alis ,555.434.412-74, aensorko@virginia.edu , 2909 Jenifer Drive ,23/10/92
746, Boycey ,430.325.676-53, bhensmanskp@amazon.co.jp , 583 Pennsylvania Court ,20/03/95
747, Oberon ,628.087.836-80, ojurczykkq@utexas.edu , 974 Southridge Junction ,20/06/85
748, Anatol ,466.744.342-13, acannkr@omniture.com , 5 Killdeer Court ,22/08/84
749, Cecilio ,542.924.782-01, cfisbeyks@technorati.com , 8488 Little Fleur Junction ,25/08/80
750, Titos ,523.485.642-97, tangrovekt@vkontakte.ru , 82678 Mallard Drive ,03/06/83
751, Darrin ,746.995.230-64, dtrayesku@dropbox.com , 51272 Kropf Place ,16/12/89
752, Terri-jo ,668.927.608-21, tsowraykv@shinystat.com , 46 Kensington Junction ,14/03/96
753, Sapphira ,251.438.584-96, straytekw@sciencedirect.com , 9856 Loftsgordon Park ,16/08/87
754, Fran ,566.094.532-50, ftarbetkx@adobe.com , 9 Hanson Court ,18/05/87
755, Darlene ,577.601.498-08, dmacascaidhky@vk.com , 5 Mifflin Plaza ,02/10/96
756, Diena ,767.871.297-93, dmarkhamkz@chron.com , 07622 Kinsman Junction ,07/05/84
757, Wilek ,947.028.899-82, wsannesl0@privacy.gov.au , 569 Emmet Pass ,03/12/88
758, Lucho ,231.551.499-14, lcleaverl1@a8.net , 8 Schlimgen Crossing ,19/03/95
759, Carma ,219.763.015-64, cschechterl2@ocn.ne.jp , 561 Sullivan Alley ,30/05/81
760, Gabrielle ,733.888.124-38, gclairel3@yelp.com , 04371 Havey Drive ,13/08/99
761, Jacklin ,082.179.815-40, jsumsionl4@topsy.com , 39250 Walton Road ,30/01/81
762, Alexis ,077.247.994-15, aroganl5@vistaprint.com , 7 Parkside Terrace ,19/09/93
763, Finley ,685.041.300-70, fnannonil6@ucla.edu , 524 Pond Hill ,05/06/97
764, Delaney ,867.029.291-29, dlinhaml7@histats.com , 850 Porter Court ,05/06/89
765, Hettie ,722.587.970-71, hmcalll8@angelfire.com , 2 Kenwood Hill ,14/07/94
766, Fayre ,375.645.276-09, ffadelll9@blogs.com , 86 Thompson Center ,03/10/96
767, Ame ,607.757.275-63, askeletonla@columbia.edu , 2 Delaware Point ,02/07/88
768, Meade ,068.598.125-83, msilversmidlb@comsenz.com , 8408 Summer Ridge Center ,21/09/97
769, Drusy ,858.907.539-75, dstairmondlc@ebay.com , 0537 Fulton Lane ,05/06/97
770, Christie ,916.788.808-92, chaywoodld@ustream.tv , 051 Stang Parkway ,17/10/95
771, Frans ,922.876.569-01, fhuntingfordle@bloomberg.com , 1872 Shopko Hill ,29/04/89
772, Tessi ,134.421.165-89, tjocklelf@barnesandnoble.com , 8011 Ronald Regan Pass ,23/07/88
773, Mattias ,309.504.983-86, mivashovlg@uiuc.edu , 6 Sage Place ,11/10/82
774, Shaylah ,979.867.252-65, srosenauerlh@goodreads.com , 48 Corscot Way ,13/06/98
775, Bartholomew ,018.525.947-21, bburrisli@booking.com , 61667 Truax Road ,15/08/91
776, Neddie ,121.190.540-37, nvermanlj@businessweek.com , 2006 Bluejay Pass ,22/12/84
777, Wenonah ,187.466.933-35, wmelodylk@msn.com , 923 Bunker Hill Park ,21/08/92
778, Aundrea ,035.489.123-54, apretorll@hhs.gov , 24407 Weeping Birch Parkway ,25/12/98
779, Celeste ,225.093.802-49, cbenetlm@bigcartel.com , 814 Redwing Terrace ,10/01/94
780, Debora ,800.307.971-36, dhansieln@mediafire.com , 803 Clove Avenue ,12/12/99
781, Laraine ,880.298.024-12, leggintonlo@ca.gov , 571 Southridge Trail ,27/12/80
782, Vincent ,425.323.054-79, vgwillymlp@stanford.edu , 428 Canary Court ,08/02/82
783, Kara ,315.587.454-67, kmonkmanlq@newsvine.com , 9 Fieldstone Road ,13/11/80
784, Perren ,716.747.813-00, phaffnerlr@goo.ne.jp , 45741 New Castle Way ,27/09/80
785, Lynnelle ,781.675.651-81, lstanyanls@slashdot.org , 771 Pepper Wood Street ,21/04/89
786, Danie ,438.563.372-02, dhalifaxlt@simplemachines.org , 4429 Raven Point ,23/07/92
787, Bonnibelle ,641.059.550-63, bswabeylu@etsy.com , 04 Golf View Alley ,16/11/99
788, Sandy ,617.984.961-78, sdiggelllv@booking.com , 24 Randy Circle ,06/01/90
789, Philip ,009.815.865-11, pbrimlw@last.fm , 8568 Erie Alley ,25/01/90
790, Weidar ,165.059.757-64, wreveleylx@indiegogo.com , 99381 Eliot Lane ,12/04/81
791, Benoit ,097.363.990-36, bhanksly@usa.gov , 27 Bonner Pass ,09/06/86
792, Joy ,332.157.630-95, jmehewlz@opera.com , 6024 Merry Avenue ,25/08/99
793, Nicolina ,598.134.885-22, nthoraldm0@globo.com , 8 Pennsylvania Parkway ,28/10/81
794, Raye ,908.529.972-13, rfranklinm1@hexun.com , 001 Independence Plaza ,09/01/84
795, Peta ,487.048.779-93, pransleym2@wp.com , 416 Kedzie Court ,04/11/80
796, Enid ,670.551.017-00, emcquirkm3@toplist.cz , 386 Prentice Terrace ,26/04/95
797, Courtnay ,555.000.482-87, ccaslinm4@is.gd , 6835 Green Ridge Terrace ,21/05/93
798, Filmore ,115.893.309-60, fcumminsm5@blinklist.com , 4 Ronald Regan Point ,07/11/83
799, Marian ,600.151.766-57, mgateshillm6@creativecommons.org , 7736 Westport Drive ,17/05/93
800, Eward ,761.668.907-88, egraylingm7@fastcompany.com , 50 Schiller Parkway ,25/03/90
801, Shelley ,761.573.814-85, sgullimanm8@myspace.com , 99972 Brown Point ,01/07/97
802, Dona ,138.211.378-19, dmarjotm9@geocities.com , 02758 Brickson Park Court ,21/04/86
803, Saudra ,155.945.236-69, sarpema@ycombinator.com , 9 Eagle Crest Parkway ,19/10/93
804, Base ,168.885.742-70, btilmouthmb@usatoday.com , 61613 Pine View Park ,12/11/85
805, Ardyce ,171.063.177-56, achithammc@blogger.com , 3858 Lawn Way ,05/11/88
806, Katha ,778.570.135-01, knasonmd@amazon.de , 453 Darwin Terrace ,19/01/89
807, Krystalle ,867.802.626-09, kwaddilowme@cdbaby.com , 89 Sachtjen Pass ,18/02/85
808, Jephthah ,541.868.604-67, jbalfremf@plala.or.jp , 9 David Point ,11/11/98
809, Garnet ,099.457.292-17, gcampbelldunlopmg@wp.com , 30147 Vernon Lane ,12/02/80
810, Elmira ,361.676.352-50, ebeveridgemh@instagram.com , 78470 Pepper Wood Circle ,07/08/83
811, Glenn ,470.455.802-90, gyeskinmi@moonfruit.com , 282 Crest Line Way ,27/09/93
812, Erskine ,932.781.433-96, etennetmj@issuu.com , 2911 Northridge Drive ,08/02/93
813, Sherrie ,323.259.822-62, sananmk@census.gov , 42 Bartelt Street ,29/09/83
814, Lowrance ,018.539.901-08, lcristofoliniml@blinklist.com , 63 Jay Junction ,16/06/88
815, Rachelle ,618.641.183-42, rschleichermm@boston.com , 04483 Arizona Alley ,08/08/80
816, Bengt ,851.933.712-05, bkoppmn@google.com.br , 35 Kipling Alley ,21/01/89
817, Winnie ,897.396.858-03, wventurolimo@multiply.com , 2461 Maryland Way ,11/11/85
818, Tris ,998.585.257-53, thaseldinemp@samsung.com , 3593 Melby Lane ,23/02/93
819, Talyah ,089.845.521-94, tsnaddinmq@elegantthemes.com , 8 Gina Street ,04/12/80
820, Grant ,732.457.585-45, gmccullockmr@ftc.gov , 37413 Red Cloud Crossing ,13/10/81
821, Leisha ,391.818.474-91, lmarenms@telegraph.co.uk , 1903 Birchwood Plaza ,09/06/90
822, Locke ,231.180.403-00, lmarquessmt@army.mil , 4 Vidon Lane ,30/10/94
823, Antons ,972.604.791-91, agasquoinemu@dailymotion.com , 336 Mallory Lane ,28/02/88
824, Hatti ,523.891.670-12, hmaclaigmv@japanpost.jp , 29737 Kinsman Court ,09/03/92
825, Gino ,064.288.534-69, gpatientmw@unesco.org , 67316 Talisman Court ,15/07/85
826, Maren ,634.042.961-09, mrubinovmx@google.co.uk , 5 Melby Parkway ,15/02/97
827, Ernst ,611.255.136-59, ehawkenmy@bing.com , 3 Quincy Point ,04/06/89
828, Wesley ,860.428.506-79, wreidiemz@angelfire.com , 84 Coleman Alley ,21/11/89
829, Alexandrina ,313.396.466-68, asandsallann0@is.gd , 809 Amoth Road ,12/03/96
830, Dagmar ,274.509.829-27, dlergann1@amazon.co.uk , 2995 Truax Court ,24/06/99
831, Ainsley ,695.662.925-97, avocen2@list-manage.com , 2 Pine View Street ,23/10/83
832, Cosme ,555.440.602-58, cmullanen3@thetimes.co.uk , 6 Toban Crossing ,29/10/96
833, Georgine ,484.906.620-88, gfussien4@networkadvertising.org , 0086 Rutledge Lane ,19/07/91
834, Judith ,630.978.242-86, jgoanen5@delicious.com , 2 Haas Circle ,13/05/85
835, Deana ,162.847.802-06, dhounsomn6@blogspot.com , 95493 Vernon Park ,09/01/89
836, Wilburt ,427.476.306-41, wraddinn7@chronoengine.com , 652 Almo Center ,29/04/96
837, Sybilla ,244.770.323-66, sdekeysern8@usda.gov , 54004 Lakeland Street ,06/02/86
838, Maridel ,907.885.539-84, mwerendelln9@dmoz.org , 4285 Sunbrook Crossing ,10/05/92
839, Noelani ,503.492.961-97, nabbessna@webmd.com , 79663 Caliangt Pass ,15/02/87
840, Avictor ,532.557.217-25, aaskwithnb@sakura.ne.jp , 98 Hintze Circle ,16/05/97
841, Suzanne ,751.148.434-43, saronoffnc@ow.ly , 55 Menomonie Court ,04/02/82
842, Cosme ,621.146.500-90, cbebisnd@ihg.com , 720 International Lane ,09/07/99
843, Sylas ,147.316.792-22, sjestecone@technorati.com , 65 Sauthoff Crossing ,30/07/99
844, Edmund ,824.240.640-59, ecrowsonnf@about.me , 5 Ramsey Junction ,11/02/84
845, Carola ,714.967.924-24, cfrancktonng@marketwatch.com , 023 Dryden Center ,25/08/95
846, Jobye ,847.428.368-04, jdoudnh@indiegogo.com , 51380 Bobwhite Way ,10/02/83
847, Dimitri ,272.881.335-32, dadelsbergni@stanford.edu , 2 Eastlawn Hill ,06/02/87
848, Tamiko ,342.553.307-00, terangeynj@mit.edu , 713 Marquette Lane ,15/01/92
849, Kelila ,767.053.136-33, kwitchardnk@amazon.co.uk , 66 Grayhawk Avenue ,17/09/86
850, Stephen ,796.555.006-75, slaisenl@diigo.com , 192 Kensington Place ,06/04/86
851, Abbye ,292.451.814-80, aflegnm@pen.io , 5107 Fieldstone Crossing ,10/06/96
852, Meredithe ,372.942.522-62, mcoardnn@symantec.com , 6 Del Mar Center ,27/02/90
853, Debbi ,160.818.500-13, dbilsonno@mapy.cz , 26507 Kinsman Parkway ,29/07/90
854, Krissie ,638.612.611-46, khemphreynp@nydailynews.com , 7504 Anniversary Way ,15/05/82
855, Randy ,212.862.620-03, ruttermarenq@cargocollective.com , 97748 Chive Way ,19/07/97
856, Pincas ,338.316.334-28, pyvenr@hexun.com , 854 Summer Ridge Hill ,01/11/88
857, Elfreda ,628.728.362-92, emasserelns@marriott.com , 92733 Esch Alley ,15/12/80
858, Fallon ,652.309.270-46, fmcmorrannt@gmpg.org , 92021 Park Meadow Court ,28/08/95
859, Engracia ,528.762.564-28, etowlsonnu@ask.com , 73393 Mcbride Terrace ,02/04/86
860, Kirstyn ,364.283.329-22, kcrinkleynv@usgs.gov , 6934 Briar Crest Plaza ,17/07/95
861, Idaline ,814.891.337-47, icowperthwaitenw@earthlink.net , 63 Schiller Trail ,05/03/94
862, Georg ,257.883.162-94, gdomenx@army.mil , 2 Fair Oaks Point ,24/03/88
863, Zita ,736.841.576-35, zbelmontny@ask.com , 1685 Drewry Point ,27/07/92
864, Doy ,337.944.850-84, dmccorkellnz@ed.gov , 18 Lyons Avenue ,22/02/83
865, Sayer ,238.900.505-57, sambrogiolio0@istockphoto.com , 18191 7th Crossing ,09/05/97
866, Starr ,879.975.025-21, sstetsono1@furl.net , 2 Delaware Trail ,15/02/87
867, Jobyna ,192.796.033-96, jdoidgeo2@vkontakte.ru , 3 Hooker Junction ,28/03/90
868, Denise ,757.200.352-49, dmelvino3@sfgate.com , 19 Red Cloud Parkway ,27/10/85
869, Sherlock ,923.570.820-62, scasterouo4@is.gd , 00803 Karstens Park ,20/07/83
870, Mellisent ,863.765.978-07, mmacqueeno5@redcross.org , 94446 Clarendon Point ,11/02/96
871, Osbert ,087.339.762-28, okibbelo6@symantec.com , 5 Westerfield Junction ,26/03/89
872, Garrott ,948.557.542-42, gchecchio7@cyberchimps.com , 050 Surrey Pass ,03/10/80
873, Jdavie ,032.175.157-49, jfiddymento8@omniture.com , 8 Clove Parkway ,24/05/95
874, Sheffield ,786.312.319-40, sboulstridgeo9@alibaba.com , 682 Manitowish Circle ,22/04/92
875, Giraud ,752.565.776-97, gwilkesoa@about.me , 1285 Forest Dale Drive ,04/12/83
876, Kalvin ,090.514.262-40, krobilliardob@ask.com , 5263 Karstens Hill ,10/06/85
877, Locke ,024.770.917-43, llightmanoc@deliciousdays.com , 769 Pine View Park ,15/10/91
878, Lanita ,107.192.582-27, lslymod@hp.com , 67128 Mayfield Pass ,10/08/97
879, Randy ,744.269.462-47, rmulhalloe@canalblog.com , 8424 Rowland Park ,06/10/83
880, Gerardo ,429.443.166-05, gsentonof@opensource.org , 44 Messerschmidt Trail ,06/08/83
881, Consalve ,275.577.104-60, callottog@tmall.com , 47 Bellgrove Circle ,10/08/80
882, Sean ,786.027.204-08, smccasteroh@surveymonkey.com , 1141 Schurz Point ,08/09/95
883, Ave ,544.153.819-87, aparryoi@harvard.edu , 7 Autumn Leaf Park ,19/06/92
884, Ogdon ,609.863.485-89, oliggettoj@msu.edu , 9 South Park ,10/10/82
885, Brandy ,007.274.666-15, bkasok@timesonline.co.uk , 3 Northview Trail ,15/02/86
886, Donovan ,064.911.700-04, dhamshereol@admin.ch , 5 Upham Terrace ,07/12/93
887, Analiese ,024.470.316-70, asauratom@ucla.edu , 9492 Nobel Plaza ,30/08/80
888, Quintus ,698.748.161-04, qthreadgillon@storify.com , 33 Judy Alley ,07/12/96
889, Darcy ,287.574.336-82, droslenoo@domainmarket.com , 53223 Warbler Alley ,17/02/85
890, Chris ,515.024.563-11, cgibbenop@clickbank.net , 88 Briar Crest Lane ,16/06/90
891, Inga ,489.580.930-72, isheddoq@spiegel.de , 0375 Trailsway Road ,28/08/94
892, Bruno ,032.747.297-95, bpurseyor@vistaprint.com , 212 Swallow Lane ,28/07/87
893, Elayne ,817.873.302-14, emartinelloos@exblog.jp , 69726 Caliangt Terrace ,16/01/84
894, Belita ,955.586.684-82, bryalot@adobe.com , 9679 Tennyson Trail ,19/12/96
895, Joete ,373.773.185-38, jbaglanou@craigslist.org , 855 2nd Court ,26/09/81
896, Niels ,989.451.897-42, nkitchenmanov@google.com.hk , 676 Meadow Valley Street ,31/12/88
897, Angel ,285.447.903-30, abisacreow@gizmodo.com , 79 Westridge Avenue ,11/06/91
898, Bink ,309.167.858-07, bslocumox@virginia.edu , 0 Hudson Parkway ,10/10/95
899, Jacobo ,411.492.338-18, jsparsholtoy@freewebs.com , 24 Moland Junction ,01/12/84
900, Merridie ,760.177.456-20, mubsdelloz@icio.us , 47407 Waubesa Circle ,03/01/86
901, Mill ,197.172.431-90, mliebermannp0@symantec.com , 546 Blue Bill Park Alley ,13/08/96
902, Erda ,969.458.957-69, ewoollerp1@amazon.co.jp , 7464 Mayer Junction ,27/11/94
903, Adrian ,041.993.866-45, amedcraftp2@wordpress.org , 5 Esch Circle ,08/12/94
904, Mordy ,740.927.386-09, mstreetp3@mozilla.org , 4822 Heath Way ,20/12/84
905, Stanley ,081.255.923-18, sraitp4@intel.com , 9986 Kropf Place ,16/06/91
906, Michell ,871.635.929-14, mkiddeyp5@thetimes.co.uk , 4 Petterle Park ,05/07/89
907, Dedra ,172.044.789-67, dboggesp6@tinyurl.com , 94 Morning Road ,24/01/87
908, Rutherford ,787.929.681-63, rowersp7@globo.com , 538 Almo Street ,24/06/90
909, Ema ,950.857.145-47, ebaxendalep8@deviantart.com , 5 Hermina Way ,18/05/85
910, Roddy ,548.785.639-74, rocodihiep9@newsvine.com , 84085 Fuller Terrace ,17/08/80
911, Hermione ,227.005.455-59, hingletonpa@indiegogo.com , 9344 Monument Road ,12/08/93
912, Fielding ,487.068.784-40, frepppb@biglobe.ne.jp , 40 Talisman Street ,18/02/95
913, Arleen ,779.840.972-67, acoddpc@spotify.com , 033 Stoughton Plaza ,17/04/94
914, Ezekiel ,252.023.799-60, efenningpd@fastcompany.com , 001 Manley Pass ,19/03/91
915, Ninetta ,565.189.873-59, nlowlesspe@xinhuanet.com , 3661 Tony Plaza ,30/06/88
916, Claire ,501.634.431-06, cosbaldestonpf@smh.com.au , 48764 Butternut Court ,03/12/88
917, Kin ,208.082.686-78, kforthpg@google.com , 854 Karstens Lane ,22/04/83
918, Verne ,978.797.378-39, vbroomheadph@harvard.edu , 150 Mifflin Court ,12/04/89
919, Gisela ,976.185.198-20, gpowlingpi@cbslocal.com , 96817 Pawling Place ,17/07/90
920, Danni ,870.907.959-93, dvennypj@engadget.com , 7 Anniversary Avenue ,03/08/88
921, Keefer ,303.234.729-74, kleytonpk@timesonline.co.uk , 31 Green Lane ,16/04/96
922, Felicio ,745.445.593-08, fcaserpl@google.es , 5 Thackeray Point ,29/10/84
923, Ernst ,011.888.896-05, ecalderopm@whitehouse.gov , 55822 Nevada Drive ,29/08/89
924, Allyce ,242.217.784-07, ahayespn@surveymonkey.com , 9757 American Pass ,30/08/91
925, Tripp ,998.626.876-14, tstallenpo@w3.org , 95609 Rigney Pass ,24/04/99
926, Estrella ,147.382.293-97, egianellipp@smh.com.au , 510 Little Fleur Plaza ,15/03/88
927, Matthias ,059.612.522-48, mleiboldpq@sbwire.com , 3516 Bartelt Avenue ,25/06/81
928, Debi ,734.674.652-00, dfielderspr@webnode.com , 05 Coleman Center ,13/11/89
929, Annette ,317.707.934-02, arosenbushps@va.gov , 1491 Wayridge Plaza ,29/03/86
930, Alina ,032.045.700-10, amacounpt@typepad.com , 31 Ronald Regan Parkway ,06/05/90
931, Willetta ,001.385.026-17, walampu@mapy.cz , 4 Reindahl Plaza ,27/10/86
932, Tucky ,079.513.377-49, tjanaszewskipv@chron.com , 55076 West Drive ,18/08/95
933, Geri ,168.731.373-32, gsweetnampw@cbslocal.com , 96866 Forest Run Alley ,01/04/80
934, Ignazio ,028.629.818-00, ileariepx@bizjournals.com , 6856 Everett Parkway ,17/06/83
935, Gallard ,808.499.830-70, gmcalpinepy@opensource.org , 156 Summit Court ,21/02/90
936, Jae ,810.005.984-54, jbodkerpz@vk.com , 0081 John Wall Way ,24/05/97
937, Hiram ,392.551.425-26, hfaggeq0@shop-pro.jp , 87424 Gulseth Street ,04/06/99
938, Filberte ,776.384.930-44, fsmithersq1@princeton.edu , 1 Orin Avenue ,28/05/84
939, Inger ,564.948.626-32, isorrellq2@theglobeandmail.com , 6605 Donald Lane ,20/12/97
940, Bobina ,429.104.703-77, btenpennyq3@fc2.com , 5 Marquette Junction ,09/02/85
941, Billi ,158.291.445-14, bizhakovq4@diigo.com , 3325 Armistice Street ,30/04/83
942, Joya ,034.607.337-56, jpickinq5@gravatar.com , 14 6th Parkway ,27/12/99
943, Veronique ,345.522.594-23, vpiffordq6@ask.com , 48314 Becker Hill ,21/12/96
944, Chrystal ,239.188.430-33, cchifneyq7@disqus.com , 46 Sugar Junction ,14/08/97
945, Karlee ,309.711.184-00, khambrickq8@cam.ac.uk , 9 Texas Center ,30/12/96
946, Pascale ,464.321.067-29, paburrowq9@discuz.net , 5633 Eagle Crest Circle ,15/03/97
947, Eryn ,416.263.555-25, ebortolqa@ucoz.ru , 800 Ludington Circle ,29/07/87
948, Desiree ,695.350.780-20, dbertomieuqb@dyndns.org , 391 Northview Alley ,13/10/83
949, Lily ,371.937.814-48, lmacliceqc@qq.com , 2339 Summerview Pass ,03/07/81
950, Ines ,118.326.157-82, ipentycrossqd@dyndns.org , 6233 Warner Parkway ,25/02/81
951, Isidro ,955.776.739-17, iattrideqe@berkeley.edu , 297 8th Alley ,03/12/84
952, Bard ,680.120.698-22, bnapolitanoqf@unc.edu , 52 Harper Point ,23/05/96
953, Sloan ,156.826.853-00, spettingillqg@umn.edu , 553 Stang Alley ,04/11/92
954, Allen ,405.235.256-48, ahowlingsqh@squidoo.com , 510 Porter Road ,18/06/83
955, Harmonie ,476.898.844-07, hsoulsbyqi@techcrunch.com , 30 Eastwood Park ,15/06/94
956, Goddart ,682.284.182-21, galessandoneqj@creativecommons.org , 27 Kim Parkway ,19/01/81
957, Raynor ,489.208.674-61, rwoolrichqk@bravesites.com , 035 Union Trail ,25/08/93
958, Othilia ,454.414.778-65, ofarranceql@mashable.com , 323 Schlimgen Hill ,08/05/97
959, Alfonse ,311.334.481-60, aconrartqm@instagram.com , 91 Bobwhite Drive ,15/01/88
960, Consalve ,954.717.239-53, chubbersteyqn@acquirethisname.com , 478 Roth Terrace ,25/03/80
961, Orbadiah ,102.436.725-86, oyallowleyqo@xing.com , 42 Fulton Court ,06/04/93
962, Frieda ,419.359.829-23, fklaesqp@github.com , 4555 Myrtle Junction ,02/04/95
963, Keri ,177.404.567-21, kwinceqq@economist.com , 83233 Dawn Point ,16/02/91
964, Kliment ,321.558.679-72, kjaneczekqr@boston.com , 708 Blue Bill Park Place ,05/08/98
965, Bernhard ,183.374.588-44, bdunlapqs@technorati.com , 04 Erie Point ,18/07/84
966, Eb ,615.058.098-94, ericcardiqt@amazon.co.uk , 8 Mallard Parkway ,28/09/87
967, Jada ,442.259.477-00, jkochlqu@washingtonpost.com , 1 Wayridge Park ,01/07/95
968, Alisha ,474.509.142-71, amcminnqv@ifeng.com , 3374 Drewry Crossing ,07/02/00
969, Tara ,882.416.847-70, tdreganqw@diigo.com , 09 Mcguire Road ,12/01/96
970, Bryant ,495.259.906-05, bmccraeqx@noaa.gov , 8988 Anderson Drive ,18/08/90
971, Britni ,414.202.103-60, bthumimqy@simplemachines.org , 53 Lawn Alley ,27/07/85
972, Rhianon ,715.838.490-09, rgwillimqz@php.net , 68051 Logan Place ,28/09/92
973, Hana ,623.139.383-60, hstormr0@wikimedia.org , 0 Hoepker Road ,04/10/91
974, Bronson ,427.676.642-74, bcheeldr1@shutterfly.com , 9114 Clarendon Avenue ,13/07/81
975, Alejandrina ,366.443.540-09, abyrer2@discovery.com , 13484 Dawn Court ,16/03/90
976, Elias ,874.825.956-00, ekondratovichr3@sourceforge.net , 78716 Norway Maple Park ,19/09/84
977, Ilario ,752.734.273-04, icaveer4@va.gov , 5 Express Pass ,19/05/86
978, Lin ,169.532.681-40, lpiotrowskir5@studiopress.com , 73 Laurel Place ,06/08/82
979, Lissy ,057.420.679-50, lnolletr6@google.de , 766 Ramsey Way ,09/12/92
980, Osborne ,357.767.294-32, oskunesr7@sourceforge.net , 63 4th Circle ,02/10/98
981, Pryce ,245.591.975-71, pchstneyr8@comcast.net , 25 Kropf Place ,26/12/80
982, Janine ,984.609.464-79, jcakesr9@furl.net , 343 Mccormick Pass ,15/01/95
983, Tanner ,396.703.387-27, treddiera@timesonline.co.uk , 52 Schurz Junction ,16/02/93
984, Sonny ,813.560.073-92, smcnuttrb@smugmug.com , 8406 Rigney Street ,22/09/97
985, Saloma ,498.292.136-92, swhiferc@apache.org , 40356 Sachs Trail ,01/10/91
986, Morlee ,481.164.099-30, mmacaleesrd@nhs.uk , 06993 Dayton Lane ,11/05/83
987, Kipp ,351.230.064-27, kjeynesre@opensource.org , 109 Brickson Park Alley ,05/05/82
988, Gwyn ,826.451.628-94, gpendrerf@kickstarter.com , 6285 Buena Vista Park ,27/06/88
989, Emory ,322.509.258-44, epadwickrg@china.com.cn , 40141 Linden Drive ,13/03/84
990, Lind ,518.450.605-55, lfolgerrh@typepad.com , 0 Trailsway Hill ,19/01/98
991, Livvyy ,140.770.354-49, lbesri@noaa.gov , 059 Coolidge Hill ,05/12/85
992, Bondon ,622.002.326-91, basbreyrj@reverbnation.com , 771 Center Lane ,08/08/88
993, Marnie ,158.474.440-52, mtabourrk@oracle.com , 2 Rockefeller Plaza ,20/09/82
994, Jordan ,437.699.082-52, jpinchinrl@phoca.cz , 61 Fairfield Street ,19/12/89
995, Pavel ,874.307.308-50, pbrunstanrm@mit.edu , 5 Armistice Crossing ,02/03/89
996, Nicol ,712.466.101-32, nwhimprn@ebay.com , 5782 American Ash Park ,26/01/88
997, Nancy ,992.114.597-53, nraikesro@cisco.com , 196 Bartelt Park ,26/08/93
998, Querida ,137.788.482-16, qgorussorp@eventbrite.com , 56 Riverside Terrace ,15/09/92
999, Hazlett ,392.767.785-00, hmccarlierq@hao123.com , 041 1st Street ,02/06/90
1000, Morganne ,049.225.270-01, mvanbrughrr@amazon.com , 7501 Thierer Way ,07/11/88
